2026-03-24 09:57:52.167 [main] INFO  com.example.shop.ShopApplication - Starting ShopApplication using Java 1.8.0_121 on MSI with PID 8676 (D:\Aijava\javaproject\260319\dogfood-2-435\glm\shop-boot\target\classes started by 20807 in D:\Aijava\javaproject\260319\dogfood-2-435\glm\shop-boot)
2026-03-24 09:57:52.171 [main] DEBUG com.example.shop.ShopApplication - Running with Spring Boot v2.7.18, Spring v5.3.31
2026-03-24 09:57:52.171 [main] INFO  com.example.shop.ShopApplication - No active profile set, falling back to 1 default profile: "default"
2026-03-24 09:57:52.895 [main] INFO  o.s.boot.web.embedded.tomcat.TomcatWebServer - Tomcat initialized with port(s): 8080 (http)
2026-03-24 09:57:52.911 [main] INFO  org.apache.catalina.core.StandardService - Starting service [Tomcat]
2026-03-24 09:57:52.911 [main] INFO  org.apache.catalina.core.StandardEngine - Starting Servlet engine: [Apache Tomcat/9.0.83]
2026-03-24 09:57:53.162 [main] INFO  org.apache.jasper.servlet.TldScanner - At least one JAR was scanned for TLDs yet contained no TLDs. Enable debug logging for this logger for a complete list of JARs that were scanned but no TLDs were found in them. Skipping unneeded JARs during scanning can improve startup time and JSP compilation time.
2026-03-24 09:57:53.166 [main] INFO  o.a.c.core.ContainerBase.[Tomcat].[localhost].[/] - Initializing Spring embedded WebApplicationContext
2026-03-24 09:57:53.166 [main] INFO  o.s.b.w.s.c.ServletWebServerApplicationContext - Root WebApplicationContext: initialization completed in 945 ms
2026-03-24 09:57:53.282 [main] INFO  c.a.d.s.b.a.DruidDataSourceAutoConfigure - Init DruidDataSource
2026-03-24 09:57:53.347 [main] WARN  o.s.b.w.s.c.AnnotationConfigServletWebServerApplicationContext - Exception encountered during context initialization - cancelling refresh attempt: org.springframework.beans.factory.UnsatisfiedDependencyException: Error creating bean with name 'adminController' defined in file [D:\Aijava\javaproject\260319\dogfood-2-435\glm\shop-boot\target\classes\com\example\shop\controller\AdminController.class]: Unsatisfied dependency expressed through constructor parameter 0; nested exception is org.springframework.beans.factory.UnsatisfiedDependencyException: Error creating bean with name 'adminServiceImpl' defined in file [D:\Aijava\javaproject\260319\dogfood-2-435\glm\shop-boot\target\classes\com\example\shop\service\impl\AdminServiceImpl.class]: Unsatisfied dependency expressed through constructor parameter 0; nested exception is org.springframework.beans.factory.UnsatisfiedDependencyException: Error creating bean with name 'adminMapper' defined in file [D:\Aijava\javaproject\260319\dogfood-2-435\glm\shop-boot\target\classes\com\example\shop\mapper\AdminMapper.class]: Unsatisfied dependency expressed through bean property 'sqlSessionFactory'; nested exception is org.springframework.beans.factory.UnsatisfiedDependencyException: Error creating bean with name 'sqlSessionFactory' defined in class path resource [org/mybatis/spring/boot/autoconfigure/MybatisAutoConfiguration.class]: Unsatisfied dependency expressed through method 'sqlSessionFactory' parameter 0; nested exception is org.springframework.boot.context.properties.ConfigurationPropertiesBindException: Error creating bean with name 'dataSource': Could not bind properties to 'DataSource' : prefix=spring.datasource.druid, ignoreInvalidFields=false, ignoreUnknownFields=true; nested exception is org.springframework.boot.context.properties.bind.BindException: Failed to bind properties under 'spring.datasource.druid' to javax.sql.DataSource
2026-03-24 09:57:53.349 [main] INFO  org.apache.catalina.core.StandardService - Stopping service [Tomcat]
2026-03-24 09:57:53.362 [main] INFO  o.s.b.a.l.ConditionEvaluationReportLoggingListener - 

Error starting ApplicationContext. To display the conditions report re-run your application with 'debug' enabled.
2026-03-24 09:57:53.373 [main] ERROR o.s.b.diagnostics.LoggingFailureAnalysisReporter - 

***************************
APPLICATION FAILED TO START
***************************

Description:

Failed to bind properties under 'spring.datasource.druid' to javax.sql.DataSource:

    Property: spring.datasource.druid.filters
    Value: "stat,wall,log4j"
    Origin: class path resource [application.yml] - 44:16
    Reason: java.lang.ClassNotFoundException: org.apache.log4j.Logger

Action:

Update your application's configuration

2026-03-24 09:58:25.210 [main] INFO  com.example.shop.ShopApplication - Starting ShopApplication using Java 1.8.0_121 on MSI with PID 2252 (D:\Aijava\javaproject\260319\dogfood-2-435\glm\shop-boot\target\classes started by 20807 in D:\Aijava\javaproject\260319\dogfood-2-435\glm\shop-boot)
2026-03-24 09:58:25.212 [main] DEBUG com.example.shop.ShopApplication - Running with Spring Boot v2.7.18, Spring v5.3.31
2026-03-24 09:58:25.212 [main] INFO  com.example.shop.ShopApplication - No active profile set, falling back to 1 default profile: "default"
2026-03-24 09:58:26.020 [main] INFO  o.s.boot.web.embedded.tomcat.TomcatWebServer - Tomcat initialized with port(s): 8080 (http)
2026-03-24 09:58:26.025 [main] INFO  org.apache.catalina.core.StandardService - Starting service [Tomcat]
2026-03-24 09:58:26.025 [main] INFO  org.apache.catalina.core.StandardEngine - Starting Servlet engine: [Apache Tomcat/9.0.83]
2026-03-24 09:58:26.268 [main] INFO  org.apache.jasper.servlet.TldScanner - At least one JAR was scanned for TLDs yet contained no TLDs. Enable debug logging for this logger for a complete list of JARs that were scanned but no TLDs were found in them. Skipping unneeded JARs during scanning can improve startup time and JSP compilation time.
2026-03-24 09:58:26.273 [main] INFO  o.a.c.core.ContainerBase.[Tomcat].[localhost].[/] - Initializing Spring embedded WebApplicationContext
2026-03-24 09:58:26.273 [main] INFO  o.s.b.w.s.c.ServletWebServerApplicationContext - Root WebApplicationContext: initialization completed in 1023 ms
2026-03-24 09:58:26.347 [main] INFO  c.a.d.s.b.a.DruidDataSourceAutoConfigure - Init DruidDataSource
2026-03-24 09:58:26.434 [main] WARN  o.s.b.w.s.c.AnnotationConfigServletWebServerApplicationContext - Exception encountered during context initialization - cancelling refresh attempt: org.springframework.beans.factory.UnsatisfiedDependencyException: Error creating bean with name 'adminController' defined in file [D:\Aijava\javaproject\260319\dogfood-2-435\glm\shop-boot\target\classes\com\example\shop\controller\AdminController.class]: Unsatisfied dependency expressed through constructor parameter 0; nested exception is org.springframework.beans.factory.UnsatisfiedDependencyException: Error creating bean with name 'adminServiceImpl' defined in file [D:\Aijava\javaproject\260319\dogfood-2-435\glm\shop-boot\target\classes\com\example\shop\service\impl\AdminServiceImpl.class]: Unsatisfied dependency expressed through constructor parameter 0; nested exception is org.springframework.beans.factory.UnsatisfiedDependencyException: Error creating bean with name 'adminMapper' defined in file [D:\Aijava\javaproject\260319\dogfood-2-435\glm\shop-boot\target\classes\com\example\shop\mapper\AdminMapper.class]: Unsatisfied dependency expressed through bean property 'sqlSessionFactory'; nested exception is org.springframework.beans.factory.UnsatisfiedDependencyException: Error creating bean with name 'sqlSessionFactory' defined in class path resource [org/mybatis/spring/boot/autoconfigure/MybatisAutoConfiguration.class]: Unsatisfied dependency expressed through method 'sqlSessionFactory' parameter 0; nested exception is org.springframework.boot.context.properties.ConfigurationPropertiesBindException: Error creating bean with name 'dataSource': Could not bind properties to 'DataSource' : prefix=spring.datasource.druid, ignoreInvalidFields=false, ignoreUnknownFields=true; nested exception is org.springframework.boot.context.properties.bind.BindException: Failed to bind properties under 'spring.datasource.druid' to javax.sql.DataSource
2026-03-24 09:58:26.436 [main] INFO  org.apache.catalina.core.StandardService - Stopping service [Tomcat]
2026-03-24 09:58:26.447 [main] INFO  o.s.b.a.l.ConditionEvaluationReportLoggingListener - 

Error starting ApplicationContext. To display the conditions report re-run your application with 'debug' enabled.
2026-03-24 09:58:26.457 [main] ERROR o.s.b.diagnostics.LoggingFailureAnalysisReporter - 

***************************
APPLICATION FAILED TO START
***************************

Description:

Failed to bind properties under 'spring.datasource.druid' to javax.sql.DataSource:

    Property: spring.datasource.druid.filters
    Value: "stat,wall,log4j"
    Origin: class path resource [application.yml] - 44:16
    Reason: java.lang.ClassNotFoundException: org.apache.log4j.Logger

Action:

Update your application's configuration

2026-03-24 09:59:29.739 [main] INFO  com.example.shop.ShopApplication - Starting ShopApplication using Java 1.8.0_121 on MSI with PID 15708 (D:\Aijava\javaproject\260319\dogfood-2-435\glm\shop-boot\target\classes started by 20807 in D:\Aijava\javaproject\260319\dogfood-2-435\glm\shop-boot)
2026-03-24 09:59:29.741 [main] DEBUG com.example.shop.ShopApplication - Running with Spring Boot v2.7.18, Spring v5.3.31
2026-03-24 09:59:29.742 [main] INFO  com.example.shop.ShopApplication - No active profile set, falling back to 1 default profile: "default"
2026-03-24 09:59:30.484 [main] INFO  o.s.boot.web.embedded.tomcat.TomcatWebServer - Tomcat initialized with port(s): 8080 (http)
2026-03-24 09:59:30.489 [main] INFO  org.apache.catalina.core.StandardService - Starting service [Tomcat]
2026-03-24 09:59:30.489 [main] INFO  org.apache.catalina.core.StandardEngine - Starting Servlet engine: [Apache Tomcat/9.0.83]
2026-03-24 09:59:30.731 [main] INFO  org.apache.jasper.servlet.TldScanner - At least one JAR was scanned for TLDs yet contained no TLDs. Enable debug logging for this logger for a complete list of JARs that were scanned but no TLDs were found in them. Skipping unneeded JARs during scanning can improve startup time and JSP compilation time.
2026-03-24 09:59:30.735 [main] INFO  o.a.c.core.ContainerBase.[Tomcat].[localhost].[/] - Initializing Spring embedded WebApplicationContext
2026-03-24 09:59:30.736 [main] INFO  o.s.b.w.s.c.ServletWebServerApplicationContext - Root WebApplicationContext: initialization completed in 956 ms
2026-03-24 09:59:30.850 [main] INFO  c.a.d.s.b.a.DruidDataSourceAutoConfigure - Init DruidDataSource
2026-03-24 09:59:30.917 [main] WARN  o.s.b.w.s.c.AnnotationConfigServletWebServerApplicationContext - Exception encountered during context initialization - cancelling refresh attempt: org.springframework.beans.factory.UnsatisfiedDependencyException: Error creating bean with name 'adminController' defined in file [D:\Aijava\javaproject\260319\dogfood-2-435\glm\shop-boot\target\classes\com\example\shop\controller\AdminController.class]: Unsatisfied dependency expressed through constructor parameter 0; nested exception is org.springframework.beans.factory.UnsatisfiedDependencyException: Error creating bean with name 'adminServiceImpl' defined in file [D:\Aijava\javaproject\260319\dogfood-2-435\glm\shop-boot\target\classes\com\example\shop\service\impl\AdminServiceImpl.class]: Unsatisfied dependency expressed through constructor parameter 0; nested exception is org.springframework.beans.factory.UnsatisfiedDependencyException: Error creating bean with name 'adminMapper' defined in file [D:\Aijava\javaproject\260319\dogfood-2-435\glm\shop-boot\target\classes\com\example\shop\mapper\AdminMapper.class]: Unsatisfied dependency expressed through bean property 'sqlSessionFactory'; nested exception is org.springframework.beans.factory.UnsatisfiedDependencyException: Error creating bean with name 'sqlSessionFactory' defined in class path resource [org/mybatis/spring/boot/autoconfigure/MybatisAutoConfiguration.class]: Unsatisfied dependency expressed through method 'sqlSessionFactory' parameter 0; nested exception is org.springframework.boot.context.properties.ConfigurationPropertiesBindException: Error creating bean with name 'dataSource': Could not bind properties to 'DataSource' : prefix=spring.datasource.druid, ignoreInvalidFields=false, ignoreUnknownFields=true; nested exception is org.springframework.boot.context.properties.bind.BindException: Failed to bind properties under 'spring.datasource.druid' to javax.sql.DataSource
2026-03-24 09:59:30.919 [main] INFO  org.apache.catalina.core.StandardService - Stopping service [Tomcat]
2026-03-24 09:59:30.932 [main] INFO  o.s.b.a.l.ConditionEvaluationReportLoggingListener - 

Error starting ApplicationContext. To display the conditions report re-run your application with 'debug' enabled.
2026-03-24 09:59:30.944 [main] ERROR o.s.b.diagnostics.LoggingFailureAnalysisReporter - 

***************************
APPLICATION FAILED TO START
***************************

Description:

Failed to bind properties under 'spring.datasource.druid' to javax.sql.DataSource:

    Property: spring.datasource.druid.filters
    Value: "stat,wall,log4j"
    Origin: class path resource [application.yml] - 44:16
    Reason: java.lang.ClassNotFoundException: org.apache.log4j.Logger

Action:

Update your application's configuration

2026-03-24 10:13:54.112 [main] INFO  com.example.shop.ShopApplication - Starting ShopApplication using Java 1.8.0_121 on MSI with PID 18664 (D:\Aijava\javaproject\260319\dogfood-2-435\glm\shop-boot\target\classes started by 20807 in D:\Aijava\javaproject\260319\dogfood-2-435\glm\shop-boot)
2026-03-24 10:13:54.114 [main] DEBUG com.example.shop.ShopApplication - Running with Spring Boot v2.7.18, Spring v5.3.31
2026-03-24 10:13:54.115 [main] INFO  com.example.shop.ShopApplication - No active profile set, falling back to 1 default profile: "default"
2026-03-24 10:13:54.839 [main] INFO  o.s.boot.web.embedded.tomcat.TomcatWebServer - Tomcat initialized with port(s): 8080 (http)
2026-03-24 10:13:54.844 [main] INFO  org.apache.catalina.core.StandardService - Starting service [Tomcat]
2026-03-24 10:13:54.844 [main] INFO  org.apache.catalina.core.StandardEngine - Starting Servlet engine: [Apache Tomcat/9.0.83]
2026-03-24 10:13:55.068 [main] INFO  org.apache.jasper.servlet.TldScanner - At least one JAR was scanned for TLDs yet contained no TLDs. Enable debug logging for this logger for a complete list of JARs that were scanned but no TLDs were found in them. Skipping unneeded JARs during scanning can improve startup time and JSP compilation time.
2026-03-24 10:13:55.073 [main] INFO  o.a.c.core.ContainerBase.[Tomcat].[localhost].[/] - Initializing Spring embedded WebApplicationContext
2026-03-24 10:13:55.073 [main] INFO  o.s.b.w.s.c.ServletWebServerApplicationContext - Root WebApplicationContext: initialization completed in 923 ms
2026-03-24 10:13:55.172 [main] INFO  c.a.d.s.b.a.DruidDataSourceAutoConfigure - Init DruidDataSource
2026-03-24 10:13:55.430 [main] INFO  com.alibaba.druid.pool.DruidDataSource - {dataSource-1} inited
2026-03-24 10:13:55.669 [main] INFO  o.s.b.a.web.servlet.WelcomePageHandlerMapping - Adding welcome page template: index
2026-03-24 10:13:55.789 [main] INFO  o.s.boot.web.embedded.tomcat.TomcatWebServer - Tomcat started on port(s): 8080 (http) with context path ''
2026-03-24 10:13:55.796 [main] INFO  com.example.shop.ShopApplication - Started ShopApplication in 2.006 seconds (JVM running for 2.735)
2026-03-24 10:14:25.672 [http-nio-8080-exec-1] INFO  o.a.c.core.ContainerBase.[Tomcat].[localhost].[/] - Initializing Spring DispatcherServlet 'dispatcherServlet'
2026-03-24 10:14:25.672 [http-nio-8080-exec-1] INFO  org.springframework.web.servlet.DispatcherServlet - Initializing Servlet 'dispatcherServlet'
2026-03-24 10:14:25.673 [http-nio-8080-exec-1] INFO  org.springframework.web.servlet.DispatcherServlet - Completed initialization in 1 ms
2026-03-24 10:14:25.703 [http-nio-8080-exec-1] DEBUG com.example.shop.controller.ProductController - 查询前台商品列表, pageNum=1, pageSize=10
2026-03-24 10:14:25.715 [http-nio-8080-exec-1] DEBUG com.example.shop.service.impl.ProductServiceImpl - 分页查询商品, pageNum=1, pageSize=10
2026-03-24 10:14:25.754 [http-nio-8080-exec-1] DEBUG c.e.shop.mapper.ProductMapper.selectAll_COUNT - ==>  Preparing: SELECT count(0) FROM zk_product
2026-03-24 10:14:25.769 [http-nio-8080-exec-1] DEBUG c.e.shop.mapper.ProductMapper.selectAll_COUNT - ==> Parameters: 
2026-03-24 10:14:25.788 [http-nio-8080-exec-1] DEBUG c.e.shop.mapper.ProductMapper.selectAll_COUNT - <==      Total: 1
2026-03-24 10:14:25.790 [http-nio-8080-exec-1] DEBUG com.example.shop.mapper.ProductMapper.selectAll - ==>  Preparing: SELECT pid, pname, sprice, cprice, pic, pdesc, is_hot, pdate, number FROM zk_product ORDER BY pdate DESC LIMIT ?
2026-03-24 10:14:25.804 [http-nio-8080-exec-1] DEBUG com.example.shop.mapper.ProductMapper.selectAll - ==> Parameters: 10(Integer)
2026-03-24 10:14:25.810 [http-nio-8080-exec-1] DEBUG com.example.shop.mapper.ProductMapper.selectAll - <==      Total: 2
2026-03-24 10:14:25.813 [http-nio-8080-exec-1] DEBUG com.example.shop.service.impl.ProductServiceImpl - 查询最新商品, limit=10
2026-03-24 10:14:25.814 [http-nio-8080-exec-1] DEBUG c.e.shop.mapper.ProductMapper.selectNewProducts - ==>  Preparing: SELECT pid, pname, sprice, cprice, pic, pdesc, is_hot, pdate, number FROM zk_product ORDER BY pdate DESC LIMIT ?
2026-03-24 10:14:25.816 [http-nio-8080-exec-1] DEBUG c.e.shop.mapper.ProductMapper.selectNewProducts - ==> Parameters: 10(Integer)
2026-03-24 10:14:25.817 [http-nio-8080-exec-1] DEBUG c.e.shop.mapper.ProductMapper.selectNewProducts - <==      Total: 2
2026-03-24 10:14:25.817 [http-nio-8080-exec-1] DEBUG com.example.shop.service.impl.ProductServiceImpl - 查询热门商品, limit=5
2026-03-24 10:14:25.817 [http-nio-8080-exec-1] DEBUG c.e.shop.mapper.ProductMapper.selectHotProducts - ==>  Preparing: SELECT pid, pname, sprice, cprice, pic, pdesc, is_hot, pdate, number FROM zk_product WHERE is_hot = 1 ORDER BY pdate DESC LIMIT ?
2026-03-24 10:14:25.848 [http-nio-8080-exec-1] DEBUG c.e.shop.mapper.ProductMapper.selectHotProducts - ==> Parameters: 5(Integer)
2026-03-24 10:14:25.851 [http-nio-8080-exec-1] DEBUG c.e.shop.mapper.ProductMapper.selectHotProducts - <==      Total: 2
2026-03-24 10:14:35.433 [http-nio-8080-exec-3] DEBUG com.example.shop.controller.ProductController - 查询前台商品列表, pageNum=1, pageSize=10
2026-03-24 10:14:35.434 [http-nio-8080-exec-3] DEBUG com.example.shop.service.impl.ProductServiceImpl - 分页查询商品, pageNum=1, pageSize=10
2026-03-24 10:14:35.436 [http-nio-8080-exec-3] DEBUG c.e.shop.mapper.ProductMapper.selectAll_COUNT - ==>  Preparing: SELECT count(0) FROM zk_product
2026-03-24 10:14:35.436 [http-nio-8080-exec-3] DEBUG c.e.shop.mapper.ProductMapper.selectAll_COUNT - ==> Parameters: 
2026-03-24 10:14:35.438 [http-nio-8080-exec-3] DEBUG c.e.shop.mapper.ProductMapper.selectAll_COUNT - <==      Total: 1
2026-03-24 10:14:35.439 [http-nio-8080-exec-3] DEBUG com.example.shop.mapper.ProductMapper.selectAll - ==>  Preparing: SELECT pid, pname, sprice, cprice, pic, pdesc, is_hot, pdate, number FROM zk_product ORDER BY pdate DESC LIMIT ?
2026-03-24 10:14:35.439 [http-nio-8080-exec-3] DEBUG com.example.shop.mapper.ProductMapper.selectAll - ==> Parameters: 10(Integer)
2026-03-24 10:14:35.441 [http-nio-8080-exec-3] DEBUG com.example.shop.mapper.ProductMapper.selectAll - <==      Total: 2
2026-03-24 10:14:35.442 [http-nio-8080-exec-3] DEBUG com.example.shop.service.impl.ProductServiceImpl - 查询最新商品, limit=10
2026-03-24 10:14:35.443 [http-nio-8080-exec-3] DEBUG c.e.shop.mapper.ProductMapper.selectNewProducts - ==>  Preparing: SELECT pid, pname, sprice, cprice, pic, pdesc, is_hot, pdate, number FROM zk_product ORDER BY pdate DESC LIMIT ?
2026-03-24 10:14:35.443 [http-nio-8080-exec-3] DEBUG c.e.shop.mapper.ProductMapper.selectNewProducts - ==> Parameters: 10(Integer)
2026-03-24 10:14:35.444 [http-nio-8080-exec-3] DEBUG c.e.shop.mapper.ProductMapper.selectNewProducts - <==      Total: 2
2026-03-24 10:14:35.445 [http-nio-8080-exec-3] DEBUG com.example.shop.service.impl.ProductServiceImpl - 查询热门商品, limit=5
2026-03-24 10:14:35.445 [http-nio-8080-exec-3] DEBUG c.e.shop.mapper.ProductMapper.selectHotProducts - ==>  Preparing: SELECT pid, pname, sprice, cprice, pic, pdesc, is_hot, pdate, number FROM zk_product WHERE is_hot = 1 ORDER BY pdate DESC LIMIT ?
2026-03-24 10:14:35.445 [http-nio-8080-exec-3] DEBUG c.e.shop.mapper.ProductMapper.selectHotProducts - ==> Parameters: 5(Integer)
2026-03-24 10:14:35.447 [http-nio-8080-exec-3] DEBUG c.e.shop.mapper.ProductMapper.selectHotProducts - <==      Total: 2
2026-03-24 10:14:50.320 [http-nio-8080-exec-1] INFO  com.example.shop.service.impl.UserServiceImpl - 用户登录: user
2026-03-24 10:14:50.321 [http-nio-8080-exec-1] DEBUG c.e.s.mapper.UserMapper.findByUsernameAndPassword - ==>  Preparing: SELECT uid, username, password, realname, email, phone, addr FROM zk_user WHERE username = ? AND password = ?
2026-03-24 10:14:50.323 [http-nio-8080-exec-1] DEBUG c.e.s.mapper.UserMapper.findByUsernameAndPassword - ==> Parameters: user(String), user(String)
2026-03-24 10:14:50.329 [http-nio-8080-exec-1] DEBUG c.e.s.mapper.UserMapper.findByUsernameAndPassword - <==      Total: 1
2026-03-24 10:14:50.329 [http-nio-8080-exec-1] INFO  com.example.shop.service.impl.UserServiceImpl - 用户登录成功: user
2026-03-24 10:14:50.330 [http-nio-8080-exec-1] INFO  com.example.shop.controller.UserController - 用户[user]登录成功
2026-03-24 10:14:50.333 [http-nio-8080-exec-10] DEBUG com.example.shop.controller.ProductController - 查询前台商品列表, pageNum=1, pageSize=10
2026-03-24 10:14:50.335 [http-nio-8080-exec-10] DEBUG com.example.shop.service.impl.ProductServiceImpl - 分页查询商品, pageNum=1, pageSize=10
2026-03-24 10:14:50.337 [http-nio-8080-exec-10] DEBUG c.e.shop.mapper.ProductMapper.selectAll_COUNT - ==>  Preparing: SELECT count(0) FROM zk_product
2026-03-24 10:14:50.337 [http-nio-8080-exec-10] DEBUG c.e.shop.mapper.ProductMapper.selectAll_COUNT - ==> Parameters: 
2026-03-24 10:14:50.337 [http-nio-8080-exec-10] DEBUG c.e.shop.mapper.ProductMapper.selectAll_COUNT - <==      Total: 1
2026-03-24 10:14:50.337 [http-nio-8080-exec-10] DEBUG com.example.shop.mapper.ProductMapper.selectAll - ==>  Preparing: SELECT pid, pname, sprice, cprice, pic, pdesc, is_hot, pdate, number FROM zk_product ORDER BY pdate DESC LIMIT ?
2026-03-24 10:14:50.337 [http-nio-8080-exec-10] DEBUG com.example.shop.mapper.ProductMapper.selectAll - ==> Parameters: 10(Integer)
2026-03-24 10:14:50.338 [http-nio-8080-exec-10] DEBUG com.example.shop.mapper.ProductMapper.selectAll - <==      Total: 2
2026-03-24 10:14:50.340 [http-nio-8080-exec-10] DEBUG com.example.shop.service.impl.ProductServiceImpl - 查询最新商品, limit=10
2026-03-24 10:14:50.340 [http-nio-8080-exec-10] DEBUG c.e.shop.mapper.ProductMapper.selectNewProducts - ==>  Preparing: SELECT pid, pname, sprice, cprice, pic, pdesc, is_hot, pdate, number FROM zk_product ORDER BY pdate DESC LIMIT ?
2026-03-24 10:14:50.340 [http-nio-8080-exec-10] DEBUG c.e.shop.mapper.ProductMapper.selectNewProducts - ==> Parameters: 10(Integer)
2026-03-24 10:14:50.341 [http-nio-8080-exec-10] DEBUG c.e.shop.mapper.ProductMapper.selectNewProducts - <==      Total: 2
2026-03-24 10:14:50.343 [http-nio-8080-exec-10] DEBUG com.example.shop.service.impl.ProductServiceImpl - 查询热门商品, limit=5
2026-03-24 10:14:50.343 [http-nio-8080-exec-10] DEBUG c.e.shop.mapper.ProductMapper.selectHotProducts - ==>  Preparing: SELECT pid, pname, sprice, cprice, pic, pdesc, is_hot, pdate, number FROM zk_product WHERE is_hot = 1 ORDER BY pdate DESC LIMIT ?
2026-03-24 10:14:50.344 [http-nio-8080-exec-10] DEBUG c.e.shop.mapper.ProductMapper.selectHotProducts - ==> Parameters: 5(Integer)
2026-03-24 10:14:50.344 [http-nio-8080-exec-10] DEBUG c.e.shop.mapper.ProductMapper.selectHotProducts - <==      Total: 2
2026-03-24 10:14:55.402 [http-nio-8080-exec-5] DEBUG com.example.shop.controller.ProductController - 查询商品详情, productId=21
2026-03-24 10:14:55.402 [http-nio-8080-exec-5] DEBUG com.example.shop.service.impl.ProductServiceImpl - 查询商品, productId=21
2026-03-24 10:14:55.405 [http-nio-8080-exec-5] DEBUG c.e.shop.mapper.ProductMapper.selectByPrimaryKey - ==>  Preparing: SELECT pid, pname, sprice, cprice, pic, pdesc, is_hot, pdate, number FROM zk_product WHERE pid = ?
2026-03-24 10:14:55.405 [http-nio-8080-exec-5] DEBUG c.e.shop.mapper.ProductMapper.selectByPrimaryKey - ==> Parameters: 21(Integer)
2026-03-24 10:14:55.406 [http-nio-8080-exec-5] DEBUG c.e.shop.mapper.ProductMapper.selectByPrimaryKey - <==      Total: 1
2026-03-24 10:14:55.511 [http-nio-8080-exec-5] ERROR o.a.c.c.C.[Tomcat].[localhost].[/].[jsp] - Servlet.service() for servlet [jsp] threw exception
javax.el.PropertyNotFoundException: Property [remark] not found on type [com.example.shop.entity.Product]
	at javax.el.BeanELResolver$BeanProperties.get(BeanELResolver.java:253)
	at javax.el.BeanELResolver$BeanProperties.access$300(BeanELResolver.java:206)
	at javax.el.BeanELResolver.property(BeanELResolver.java:322)
	at javax.el.BeanELResolver.getValue(BeanELResolver.java:93)
	at org.apache.jasper.el.JasperELResolver.getValue(JasperELResolver.java:125)
	at org.apache.el.parser.AstValue.getValue(AstValue.java:168)
	at org.apache.el.ValueExpressionImpl.getValue(ValueExpressionImpl.java:189)
	at org.apache.jasper.runtime.PageContextImpl.proprietaryEvaluate(PageContextImpl.java:690)
	at org.apache.jsp.detail_jsp._jspService(detail_jsp.java:337)
	at org.apache.jasper.runtime.HttpJspBase.service(HttpJspBase.java:70)
	at javax.servlet.http.HttpServlet.service(HttpServlet.java:623)
	at org.apache.jasper.servlet.JspServletWrapper.service(JspServletWrapper.java:466)
	at org.apache.jasper.servlet.JspServlet.serviceJspFile(JspServlet.java:379)
	at org.apache.jasper.servlet.JspServlet.service(JspServlet.java:327)
	at javax.servlet.http.HttpServlet.service(HttpServlet.java:623)
	at org.apache.catalina.core.ApplicationFilterChain.internalDoFilter(ApplicationFilterChain.java:209)
	at org.apache.catalina.core.ApplicationFilterChain.doFilter(ApplicationFilterChain.java:153)
	at org.apache.tomcat.websocket.server.WsFilter.doFilter(WsFilter.java:51)
	at org.apache.catalina.core.ApplicationFilterChain.internalDoFilter(ApplicationFilterChain.java:178)
	at org.apache.catalina.core.ApplicationFilterChain.doFilter(ApplicationFilterChain.java:153)
	at org.springframework.web.filter.OncePerRequestFilter.doFilter(OncePerRequestFilter.java:111)
	at org.apache.catalina.core.ApplicationFilterChain.internalDoFilter(ApplicationFilterChain.java:178)
	at org.apache.catalina.core.ApplicationFilterChain.doFilter(ApplicationFilterChain.java:153)
	at org.springframework.web.filter.OncePerRequestFilter.doFilter(OncePerRequestFilter.java:111)
	at org.apache.catalina.core.ApplicationFilterChain.internalDoFilter(ApplicationFilterChain.java:178)
	at org.apache.catalina.core.ApplicationFilterChain.doFilter(ApplicationFilterChain.java:153)
	at org.springframework.web.filter.OncePerRequestFilter.doFilter(OncePerRequestFilter.java:111)
	at org.apache.catalina.core.ApplicationFilterChain.internalDoFilter(ApplicationFilterChain.java:178)
	at org.apache.catalina.core.ApplicationFilterChain.doFilter(ApplicationFilterChain.java:153)
	at org.apache.catalina.core.ApplicationDispatcher.invoke(ApplicationDispatcher.java:661)
	at org.apache.catalina.core.ApplicationDispatcher.processRequest(ApplicationDispatcher.java:425)
	at org.apache.catalina.core.ApplicationDispatcher.doForward(ApplicationDispatcher.java:357)
	at org.apache.catalina.core.ApplicationDispatcher.forward(ApplicationDispatcher.java:294)
	at org.springframework.web.servlet.view.InternalResourceView.renderMergedOutputModel(InternalResourceView.java:171)
	at org.springframework.web.servlet.view.AbstractView.render(AbstractView.java:316)
	at org.springframework.web.servlet.DispatcherServlet.render(DispatcherServlet.java:1406)
	at org.springframework.web.servlet.DispatcherServlet.processDispatchResult(DispatcherServlet.java:1150)
	at org.springframework.web.servlet.DispatcherServlet.doDispatch(DispatcherServlet.java:1089)
	at org.springframework.web.servlet.DispatcherServlet.doService(DispatcherServlet.java:965)
	at org.springframework.web.servlet.FrameworkServlet.processRequest(FrameworkServlet.java:1006)
	at org.springframework.web.servlet.FrameworkServlet.doGet(FrameworkServlet.java:898)
	at javax.servlet.http.HttpServlet.service(HttpServlet.java:529)
	at org.springframework.web.servlet.FrameworkServlet.service(FrameworkServlet.java:883)
	at javax.servlet.http.HttpServlet.service(HttpServlet.java:623)
	at org.apache.catalina.core.ApplicationFilterChain.internalDoFilter(ApplicationFilterChain.java:209)
	at org.apache.catalina.core.ApplicationFilterChain.doFilter(ApplicationFilterChain.java:153)
	at org.apache.tomcat.websocket.server.WsFilter.doFilter(WsFilter.java:51)
	at org.apache.catalina.core.ApplicationFilterChain.internalDoFilter(ApplicationFilterChain.java:178)
	at org.apache.catalina.core.ApplicationFilterChain.doFilter(ApplicationFilterChain.java:153)
	at org.springframework.web.filter.RequestContextFilter.doFilterInternal(RequestContextFilter.java:100)
	at org.springframework.web.filter.OncePerRequestFilter.doFilter(OncePerRequestFilter.java:117)
	at org.apache.catalina.core.ApplicationFilterChain.internalDoFilter(ApplicationFilterChain.java:178)
	at org.apache.catalina.core.ApplicationFilterChain.doFilter(ApplicationFilterChain.java:153)
	at org.springframework.web.filter.FormContentFilter.doFilterInternal(FormContentFilter.java:93)
	at org.springframework.web.filter.OncePerRequestFilter.doFilter(OncePerRequestFilter.java:117)
	at org.apache.catalina.core.ApplicationFilterChain.internalDoFilter(ApplicationFilterChain.java:178)
	at org.apache.catalina.core.ApplicationFilterChain.doFilter(ApplicationFilterChain.java:153)
	at org.springframework.web.filter.CharacterEncodingFilter.doFilterInternal(CharacterEncodingFilter.java:201)
	at org.springframework.web.filter.OncePerRequestFilter.doFilter(OncePerRequestFilter.java:117)
	at org.apache.catalina.core.ApplicationFilterChain.internalDoFilter(ApplicationFilterChain.java:178)
	at org.apache.catalina.core.ApplicationFilterChain.doFilter(ApplicationFilterChain.java:153)
	at org.apache.catalina.core.StandardWrapperValve.invoke(StandardWrapperValve.java:168)
	at org.apache.catalina.core.StandardContextValve.invoke(StandardContextValve.java:90)
	at org.apache.catalina.authenticator.AuthenticatorBase.invoke(AuthenticatorBase.java:481)
	at org.apache.catalina.core.StandardHostValve.invoke(StandardHostValve.java:130)
	at org.apache.catalina.valves.ErrorReportValve.invoke(ErrorReportValve.java:93)
	at org.apache.catalina.core.StandardEngineValve.invoke(StandardEngineValve.java:74)
	at org.apache.catalina.connector.CoyoteAdapter.service(CoyoteAdapter.java:342)
	at org.apache.coyote.http11.Http11Processor.service(Http11Processor.java:390)
	at org.apache.coyote.AbstractProcessorLight.process(AbstractProcessorLight.java:63)
	at org.apache.coyote.AbstractProtocol$ConnectionHandler.process(AbstractProtocol.java:928)
	at org.apache.tomcat.util.net.NioEndpoint$SocketProcessor.doRun(NioEndpoint.java:1794)
	at org.apache.tomcat.util.net.SocketProcessorBase.run(SocketProcessorBase.java:52)
	at org.apache.tomcat.util.threads.ThreadPoolExecutor.runWorker(ThreadPoolExecutor.java:1191)
	at org.apache.tomcat.util.threads.ThreadPoolExecutor$Worker.run(ThreadPoolExecutor.java:659)
	at org.apache.tomcat.util.threads.TaskThread$WrappingRunnable.run(TaskThread.java:61)
	at java.lang.Thread.run(Thread.java:745)
2026-03-24 10:14:55.512 [http-nio-8080-exec-5] ERROR o.a.c.c.C.[.[localhost].[/].[dispatcherServlet] - Servlet.service() for servlet [dispatcherServlet] in context with path [] threw exception [javax.el.PropertyNotFoundException: Property [remark] not found on type [com.example.shop.entity.Product]] with root cause
javax.el.PropertyNotFoundException: Property [remark] not found on type [com.example.shop.entity.Product]
	at javax.el.BeanELResolver$BeanProperties.get(BeanELResolver.java:253)
	at javax.el.BeanELResolver$BeanProperties.access$300(BeanELResolver.java:206)
	at javax.el.BeanELResolver.property(BeanELResolver.java:322)
	at javax.el.BeanELResolver.getValue(BeanELResolver.java:93)
	at org.apache.jasper.el.JasperELResolver.getValue(JasperELResolver.java:125)
	at org.apache.el.parser.AstValue.getValue(AstValue.java:168)
	at org.apache.el.ValueExpressionImpl.getValue(ValueExpressionImpl.java:189)
	at org.apache.jasper.runtime.PageContextImpl.proprietaryEvaluate(PageContextImpl.java:690)
	at org.apache.jsp.detail_jsp._jspService(detail_jsp.java:337)
	at org.apache.jasper.runtime.HttpJspBase.service(HttpJspBase.java:70)
	at javax.servlet.http.HttpServlet.service(HttpServlet.java:623)
	at org.apache.jasper.servlet.JspServletWrapper.service(JspServletWrapper.java:466)
	at org.apache.jasper.servlet.JspServlet.serviceJspFile(JspServlet.java:379)
	at org.apache.jasper.servlet.JspServlet.service(JspServlet.java:327)
	at javax.servlet.http.HttpServlet.service(HttpServlet.java:623)
	at org.apache.catalina.core.ApplicationFilterChain.internalDoFilter(ApplicationFilterChain.java:209)
	at org.apache.catalina.core.ApplicationFilterChain.doFilter(ApplicationFilterChain.java:153)
	at org.apache.tomcat.websocket.server.WsFilter.doFilter(WsFilter.java:51)
	at org.apache.catalina.core.ApplicationFilterChain.internalDoFilter(ApplicationFilterChain.java:178)
	at org.apache.catalina.core.ApplicationFilterChain.doFilter(ApplicationFilterChain.java:153)
	at org.springframework.web.filter.OncePerRequestFilter.doFilter(OncePerRequestFilter.java:111)
	at org.apache.catalina.core.ApplicationFilterChain.internalDoFilter(ApplicationFilterChain.java:178)
	at org.apache.catalina.core.ApplicationFilterChain.doFilter(ApplicationFilterChain.java:153)
	at org.springframework.web.filter.OncePerRequestFilter.doFilter(OncePerRequestFilter.java:111)
	at org.apache.catalina.core.ApplicationFilterChain.internalDoFilter(ApplicationFilterChain.java:178)
	at org.apache.catalina.core.ApplicationFilterChain.doFilter(ApplicationFilterChain.java:153)
	at org.springframework.web.filter.OncePerRequestFilter.doFilter(OncePerRequestFilter.java:111)
	at org.apache.catalina.core.ApplicationFilterChain.internalDoFilter(ApplicationFilterChain.java:178)
	at org.apache.catalina.core.ApplicationFilterChain.doFilter(ApplicationFilterChain.java:153)
	at org.apache.catalina.core.ApplicationDispatcher.invoke(ApplicationDispatcher.java:661)
	at org.apache.catalina.core.ApplicationDispatcher.processRequest(ApplicationDispatcher.java:425)
	at org.apache.catalina.core.ApplicationDispatcher.doForward(ApplicationDispatcher.java:357)
	at org.apache.catalina.core.ApplicationDispatcher.forward(ApplicationDispatcher.java:294)
	at org.springframework.web.servlet.view.InternalResourceView.renderMergedOutputModel(InternalResourceView.java:171)
	at org.springframework.web.servlet.view.AbstractView.render(AbstractView.java:316)
	at org.springframework.web.servlet.DispatcherServlet.render(DispatcherServlet.java:1406)
	at org.springframework.web.servlet.DispatcherServlet.processDispatchResult(DispatcherServlet.java:1150)
	at org.springframework.web.servlet.DispatcherServlet.doDispatch(DispatcherServlet.java:1089)
	at org.springframework.web.servlet.DispatcherServlet.doService(DispatcherServlet.java:965)
	at org.springframework.web.servlet.FrameworkServlet.processRequest(FrameworkServlet.java:1006)
	at org.springframework.web.servlet.FrameworkServlet.doGet(FrameworkServlet.java:898)
	at javax.servlet.http.HttpServlet.service(HttpServlet.java:529)
	at org.springframework.web.servlet.FrameworkServlet.service(FrameworkServlet.java:883)
	at javax.servlet.http.HttpServlet.service(HttpServlet.java:623)
	at org.apache.catalina.core.ApplicationFilterChain.internalDoFilter(ApplicationFilterChain.java:209)
	at org.apache.catalina.core.ApplicationFilterChain.doFilter(ApplicationFilterChain.java:153)
	at org.apache.tomcat.websocket.server.WsFilter.doFilter(WsFilter.java:51)
	at org.apache.catalina.core.ApplicationFilterChain.internalDoFilter(ApplicationFilterChain.java:178)
	at org.apache.catalina.core.ApplicationFilterChain.doFilter(ApplicationFilterChain.java:153)
	at org.springframework.web.filter.RequestContextFilter.doFilterInternal(RequestContextFilter.java:100)
	at org.springframework.web.filter.OncePerRequestFilter.doFilter(OncePerRequestFilter.java:117)
	at org.apache.catalina.core.ApplicationFilterChain.internalDoFilter(ApplicationFilterChain.java:178)
	at org.apache.catalina.core.ApplicationFilterChain.doFilter(ApplicationFilterChain.java:153)
	at org.springframework.web.filter.FormContentFilter.doFilterInternal(FormContentFilter.java:93)
	at org.springframework.web.filter.OncePerRequestFilter.doFilter(OncePerRequestFilter.java:117)
	at org.apache.catalina.core.ApplicationFilterChain.internalDoFilter(ApplicationFilterChain.java:178)
	at org.apache.catalina.core.ApplicationFilterChain.doFilter(ApplicationFilterChain.java:153)
	at org.springframework.web.filter.CharacterEncodingFilter.doFilterInternal(CharacterEncodingFilter.java:201)
	at org.springframework.web.filter.OncePerRequestFilter.doFilter(OncePerRequestFilter.java:117)
	at org.apache.catalina.core.ApplicationFilterChain.internalDoFilter(ApplicationFilterChain.java:178)
	at org.apache.catalina.core.ApplicationFilterChain.doFilter(ApplicationFilterChain.java:153)
	at org.apache.catalina.core.StandardWrapperValve.invoke(StandardWrapperValve.java:168)
	at org.apache.catalina.core.StandardContextValve.invoke(StandardContextValve.java:90)
	at org.apache.catalina.authenticator.AuthenticatorBase.invoke(AuthenticatorBase.java:481)
	at org.apache.catalina.core.StandardHostValve.invoke(StandardHostValve.java:130)
	at org.apache.catalina.valves.ErrorReportValve.invoke(ErrorReportValve.java:93)
	at org.apache.catalina.core.StandardEngineValve.invoke(StandardEngineValve.java:74)
	at org.apache.catalina.connector.CoyoteAdapter.service(CoyoteAdapter.java:342)
	at org.apache.coyote.http11.Http11Processor.service(Http11Processor.java:390)
	at org.apache.coyote.AbstractProcessorLight.process(AbstractProcessorLight.java:63)
	at org.apache.coyote.AbstractProtocol$ConnectionHandler.process(AbstractProtocol.java:928)
	at org.apache.tomcat.util.net.NioEndpoint$SocketProcessor.doRun(NioEndpoint.java:1794)
	at org.apache.tomcat.util.net.SocketProcessorBase.run(SocketProcessorBase.java:52)
	at org.apache.tomcat.util.threads.ThreadPoolExecutor.runWorker(ThreadPoolExecutor.java:1191)
	at org.apache.tomcat.util.threads.ThreadPoolExecutor$Worker.run(ThreadPoolExecutor.java:659)
	at org.apache.tomcat.util.threads.TaskThread$WrappingRunnable.run(TaskThread.java:61)
	at java.lang.Thread.run(Thread.java:745)
2026-03-24 10:15:03.145 [http-nio-8080-exec-9] DEBUG com.example.shop.controller.ProductController - 查询商品详情, productId=21
2026-03-24 10:15:03.146 [http-nio-8080-exec-9] DEBUG com.example.shop.service.impl.ProductServiceImpl - 查询商品, productId=21
2026-03-24 10:15:03.147 [http-nio-8080-exec-9] DEBUG c.e.shop.mapper.ProductMapper.selectByPrimaryKey - ==>  Preparing: SELECT pid, pname, sprice, cprice, pic, pdesc, is_hot, pdate, number FROM zk_product WHERE pid = ?
2026-03-24 10:15:03.147 [http-nio-8080-exec-9] DEBUG c.e.shop.mapper.ProductMapper.selectByPrimaryKey - ==> Parameters: 21(Integer)
2026-03-24 10:15:03.147 [http-nio-8080-exec-9] DEBUG c.e.shop.mapper.ProductMapper.selectByPrimaryKey - <==      Total: 1
2026-03-24 10:15:03.153 [http-nio-8080-exec-9] ERROR o.a.c.c.C.[Tomcat].[localhost].[/].[jsp] - Servlet.service() for servlet [jsp] threw exception
javax.el.PropertyNotFoundException: Property [remark] not found on type [com.example.shop.entity.Product]
	at javax.el.BeanELResolver$BeanProperties.get(BeanELResolver.java:253)
	at javax.el.BeanELResolver$BeanProperties.access$300(BeanELResolver.java:206)
	at javax.el.BeanELResolver.property(BeanELResolver.java:322)
	at javax.el.BeanELResolver.getValue(BeanELResolver.java:93)
	at org.apache.jasper.el.JasperELResolver.getValue(JasperELResolver.java:125)
	at org.apache.el.parser.AstValue.getValue(AstValue.java:168)
	at org.apache.el.ValueExpressionImpl.getValue(ValueExpressionImpl.java:189)
	at org.apache.jasper.runtime.PageContextImpl.proprietaryEvaluate(PageContextImpl.java:690)
	at org.apache.jsp.detail_jsp._jspService(detail_jsp.java:337)
	at org.apache.jasper.runtime.HttpJspBase.service(HttpJspBase.java:70)
	at javax.servlet.http.HttpServlet.service(HttpServlet.java:623)
	at org.apache.jasper.servlet.JspServletWrapper.service(JspServletWrapper.java:466)
	at org.apache.jasper.servlet.JspServlet.serviceJspFile(JspServlet.java:379)
	at org.apache.jasper.servlet.JspServlet.service(JspServlet.java:327)
	at javax.servlet.http.HttpServlet.service(HttpServlet.java:623)
	at org.apache.catalina.core.ApplicationFilterChain.internalDoFilter(ApplicationFilterChain.java:209)
	at org.apache.catalina.core.ApplicationFilterChain.doFilter(ApplicationFilterChain.java:153)
	at org.apache.tomcat.websocket.server.WsFilter.doFilter(WsFilter.java:51)
	at org.apache.catalina.core.ApplicationFilterChain.internalDoFilter(ApplicationFilterChain.java:178)
	at org.apache.catalina.core.ApplicationFilterChain.doFilter(ApplicationFilterChain.java:153)
	at org.springframework.web.filter.OncePerRequestFilter.doFilter(OncePerRequestFilter.java:111)
	at org.apache.catalina.core.ApplicationFilterChain.internalDoFilter(ApplicationFilterChain.java:178)
	at org.apache.catalina.core.ApplicationFilterChain.doFilter(ApplicationFilterChain.java:153)
	at org.springframework.web.filter.OncePerRequestFilter.doFilter(OncePerRequestFilter.java:111)
	at org.apache.catalina.core.ApplicationFilterChain.internalDoFilter(ApplicationFilterChain.java:178)
	at org.apache.catalina.core.ApplicationFilterChain.doFilter(ApplicationFilterChain.java:153)
	at org.springframework.web.filter.OncePerRequestFilter.doFilter(OncePerRequestFilter.java:111)
	at org.apache.catalina.core.ApplicationFilterChain.internalDoFilter(ApplicationFilterChain.java:178)
	at org.apache.catalina.core.ApplicationFilterChain.doFilter(ApplicationFilterChain.java:153)
	at org.apache.catalina.core.ApplicationDispatcher.invoke(ApplicationDispatcher.java:661)
	at org.apache.catalina.core.ApplicationDispatcher.processRequest(ApplicationDispatcher.java:425)
	at org.apache.catalina.core.ApplicationDispatcher.doForward(ApplicationDispatcher.java:357)
	at org.apache.catalina.core.ApplicationDispatcher.forward(ApplicationDispatcher.java:294)
	at org.springframework.web.servlet.view.InternalResourceView.renderMergedOutputModel(InternalResourceView.java:171)
	at org.springframework.web.servlet.view.AbstractView.render(AbstractView.java:316)
	at org.springframework.web.servlet.DispatcherServlet.render(DispatcherServlet.java:1406)
	at org.springframework.web.servlet.DispatcherServlet.processDispatchResult(DispatcherServlet.java:1150)
	at org.springframework.web.servlet.DispatcherServlet.doDispatch(DispatcherServlet.java:1089)
	at org.springframework.web.servlet.DispatcherServlet.doService(DispatcherServlet.java:965)
	at org.springframework.web.servlet.FrameworkServlet.processRequest(FrameworkServlet.java:1006)
	at org.springframework.web.servlet.FrameworkServlet.doGet(FrameworkServlet.java:898)
	at javax.servlet.http.HttpServlet.service(HttpServlet.java:529)
	at org.springframework.web.servlet.FrameworkServlet.service(FrameworkServlet.java:883)
	at javax.servlet.http.HttpServlet.service(HttpServlet.java:623)
	at org.apache.catalina.core.ApplicationFilterChain.internalDoFilter(ApplicationFilterChain.java:209)
	at org.apache.catalina.core.ApplicationFilterChain.doFilter(ApplicationFilterChain.java:153)
	at org.apache.tomcat.websocket.server.WsFilter.doFilter(WsFilter.java:51)
	at org.apache.catalina.core.ApplicationFilterChain.internalDoFilter(ApplicationFilterChain.java:178)
	at org.apache.catalina.core.ApplicationFilterChain.doFilter(ApplicationFilterChain.java:153)
	at org.springframework.web.filter.RequestContextFilter.doFilterInternal(RequestContextFilter.java:100)
	at org.springframework.web.filter.OncePerRequestFilter.doFilter(OncePerRequestFilter.java:117)
	at org.apache.catalina.core.ApplicationFilterChain.internalDoFilter(ApplicationFilterChain.java:178)
	at org.apache.catalina.core.ApplicationFilterChain.doFilter(ApplicationFilterChain.java:153)
	at org.springframework.web.filter.FormContentFilter.doFilterInternal(FormContentFilter.java:93)
	at org.springframework.web.filter.OncePerRequestFilter.doFilter(OncePerRequestFilter.java:117)
	at org.apache.catalina.core.ApplicationFilterChain.internalDoFilter(ApplicationFilterChain.java:178)
	at org.apache.catalina.core.ApplicationFilterChain.doFilter(ApplicationFilterChain.java:153)
	at org.springframework.web.filter.CharacterEncodingFilter.doFilterInternal(CharacterEncodingFilter.java:201)
	at org.springframework.web.filter.OncePerRequestFilter.doFilter(OncePerRequestFilter.java:117)
	at org.apache.catalina.core.ApplicationFilterChain.internalDoFilter(ApplicationFilterChain.java:178)
	at org.apache.catalina.core.ApplicationFilterChain.doFilter(ApplicationFilterChain.java:153)
	at org.apache.catalina.core.StandardWrapperValve.invoke(StandardWrapperValve.java:168)
	at org.apache.catalina.core.StandardContextValve.invoke(StandardContextValve.java:90)
	at org.apache.catalina.authenticator.AuthenticatorBase.invoke(AuthenticatorBase.java:481)
	at org.apache.catalina.core.StandardHostValve.invoke(StandardHostValve.java:130)
	at org.apache.catalina.valves.ErrorReportValve.invoke(ErrorReportValve.java:93)
	at org.apache.catalina.core.StandardEngineValve.invoke(StandardEngineValve.java:74)
	at org.apache.catalina.connector.CoyoteAdapter.service(CoyoteAdapter.java:342)
	at org.apache.coyote.http11.Http11Processor.service(Http11Processor.java:390)
	at org.apache.coyote.AbstractProcessorLight.process(AbstractProcessorLight.java:63)
	at org.apache.coyote.AbstractProtocol$ConnectionHandler.process(AbstractProtocol.java:928)
	at org.apache.tomcat.util.net.NioEndpoint$SocketProcessor.doRun(NioEndpoint.java:1794)
	at org.apache.tomcat.util.net.SocketProcessorBase.run(SocketProcessorBase.java:52)
	at org.apache.tomcat.util.threads.ThreadPoolExecutor.runWorker(ThreadPoolExecutor.java:1191)
	at org.apache.tomcat.util.threads.ThreadPoolExecutor$Worker.run(ThreadPoolExecutor.java:659)
	at org.apache.tomcat.util.threads.TaskThread$WrappingRunnable.run(TaskThread.java:61)
	at java.lang.Thread.run(Thread.java:745)
2026-03-24 10:15:03.155 [http-nio-8080-exec-9] ERROR o.a.c.c.C.[.[localhost].[/].[dispatcherServlet] - Servlet.service() for servlet [dispatcherServlet] in context with path [] threw exception [javax.el.PropertyNotFoundException: Property [remark] not found on type [com.example.shop.entity.Product]] with root cause
javax.el.PropertyNotFoundException: Property [remark] not found on type [com.example.shop.entity.Product]
	at javax.el.BeanELResolver$BeanProperties.get(BeanELResolver.java:253)
	at javax.el.BeanELResolver$BeanProperties.access$300(BeanELResolver.java:206)
	at javax.el.BeanELResolver.property(BeanELResolver.java:322)
	at javax.el.BeanELResolver.getValue(BeanELResolver.java:93)
	at org.apache.jasper.el.JasperELResolver.getValue(JasperELResolver.java:125)
	at org.apache.el.parser.AstValue.getValue(AstValue.java:168)
	at org.apache.el.ValueExpressionImpl.getValue(ValueExpressionImpl.java:189)
	at org.apache.jasper.runtime.PageContextImpl.proprietaryEvaluate(PageContextImpl.java:690)
	at org.apache.jsp.detail_jsp._jspService(detail_jsp.java:337)
	at org.apache.jasper.runtime.HttpJspBase.service(HttpJspBase.java:70)
	at javax.servlet.http.HttpServlet.service(HttpServlet.java:623)
	at org.apache.jasper.servlet.JspServletWrapper.service(JspServletWrapper.java:466)
	at org.apache.jasper.servlet.JspServlet.serviceJspFile(JspServlet.java:379)
	at org.apache.jasper.servlet.JspServlet.service(JspServlet.java:327)
	at javax.servlet.http.HttpServlet.service(HttpServlet.java:623)
	at org.apache.catalina.core.ApplicationFilterChain.internalDoFilter(ApplicationFilterChain.java:209)
	at org.apache.catalina.core.ApplicationFilterChain.doFilter(ApplicationFilterChain.java:153)
	at org.apache.tomcat.websocket.server.WsFilter.doFilter(WsFilter.java:51)
	at org.apache.catalina.core.ApplicationFilterChain.internalDoFilter(ApplicationFilterChain.java:178)
	at org.apache.catalina.core.ApplicationFilterChain.doFilter(ApplicationFilterChain.java:153)
	at org.springframework.web.filter.OncePerRequestFilter.doFilter(OncePerRequestFilter.java:111)
	at org.apache.catalina.core.ApplicationFilterChain.internalDoFilter(ApplicationFilterChain.java:178)
	at org.apache.catalina.core.ApplicationFilterChain.doFilter(ApplicationFilterChain.java:153)
	at org.springframework.web.filter.OncePerRequestFilter.doFilter(OncePerRequestFilter.java:111)
	at org.apache.catalina.core.ApplicationFilterChain.internalDoFilter(ApplicationFilterChain.java:178)
	at org.apache.catalina.core.ApplicationFilterChain.doFilter(ApplicationFilterChain.java:153)
	at org.springframework.web.filter.OncePerRequestFilter.doFilter(OncePerRequestFilter.java:111)
	at org.apache.catalina.core.ApplicationFilterChain.internalDoFilter(ApplicationFilterChain.java:178)
	at org.apache.catalina.core.ApplicationFilterChain.doFilter(ApplicationFilterChain.java:153)
	at org.apache.catalina.core.ApplicationDispatcher.invoke(ApplicationDispatcher.java:661)
	at org.apache.catalina.core.ApplicationDispatcher.processRequest(ApplicationDispatcher.java:425)
	at org.apache.catalina.core.ApplicationDispatcher.doForward(ApplicationDispatcher.java:357)
	at org.apache.catalina.core.ApplicationDispatcher.forward(ApplicationDispatcher.java:294)
	at org.springframework.web.servlet.view.InternalResourceView.renderMergedOutputModel(InternalResourceView.java:171)
	at org.springframework.web.servlet.view.AbstractView.render(AbstractView.java:316)
	at org.springframework.web.servlet.DispatcherServlet.render(DispatcherServlet.java:1406)
	at org.springframework.web.servlet.DispatcherServlet.processDispatchResult(DispatcherServlet.java:1150)
	at org.springframework.web.servlet.DispatcherServlet.doDispatch(DispatcherServlet.java:1089)
	at org.springframework.web.servlet.DispatcherServlet.doService(DispatcherServlet.java:965)
	at org.springframework.web.servlet.FrameworkServlet.processRequest(FrameworkServlet.java:1006)
	at org.springframework.web.servlet.FrameworkServlet.doGet(FrameworkServlet.java:898)
	at javax.servlet.http.HttpServlet.service(HttpServlet.java:529)
	at org.springframework.web.servlet.FrameworkServlet.service(FrameworkServlet.java:883)
	at javax.servlet.http.HttpServlet.service(HttpServlet.java:623)
	at org.apache.catalina.core.ApplicationFilterChain.internalDoFilter(ApplicationFilterChain.java:209)
	at org.apache.catalina.core.ApplicationFilterChain.doFilter(ApplicationFilterChain.java:153)
	at org.apache.tomcat.websocket.server.WsFilter.doFilter(WsFilter.java:51)
	at org.apache.catalina.core.ApplicationFilterChain.internalDoFilter(ApplicationFilterChain.java:178)
	at org.apache.catalina.core.ApplicationFilterChain.doFilter(ApplicationFilterChain.java:153)
	at org.springframework.web.filter.RequestContextFilter.doFilterInternal(RequestContextFilter.java:100)
	at org.springframework.web.filter.OncePerRequestFilter.doFilter(OncePerRequestFilter.java:117)
	at org.apache.catalina.core.ApplicationFilterChain.internalDoFilter(ApplicationFilterChain.java:178)
	at org.apache.catalina.core.ApplicationFilterChain.doFilter(ApplicationFilterChain.java:153)
	at org.springframework.web.filter.FormContentFilter.doFilterInternal(FormContentFilter.java:93)
	at org.springframework.web.filter.OncePerRequestFilter.doFilter(OncePerRequestFilter.java:117)
	at org.apache.catalina.core.ApplicationFilterChain.internalDoFilter(ApplicationFilterChain.java:178)
	at org.apache.catalina.core.ApplicationFilterChain.doFilter(ApplicationFilterChain.java:153)
	at org.springframework.web.filter.CharacterEncodingFilter.doFilterInternal(CharacterEncodingFilter.java:201)
	at org.springframework.web.filter.OncePerRequestFilter.doFilter(OncePerRequestFilter.java:117)
	at org.apache.catalina.core.ApplicationFilterChain.internalDoFilter(ApplicationFilterChain.java:178)
	at org.apache.catalina.core.ApplicationFilterChain.doFilter(ApplicationFilterChain.java:153)
	at org.apache.catalina.core.StandardWrapperValve.invoke(StandardWrapperValve.java:168)
	at org.apache.catalina.core.StandardContextValve.invoke(StandardContextValve.java:90)
	at org.apache.catalina.authenticator.AuthenticatorBase.invoke(AuthenticatorBase.java:481)
	at org.apache.catalina.core.StandardHostValve.invoke(StandardHostValve.java:130)
	at org.apache.catalina.valves.ErrorReportValve.invoke(ErrorReportValve.java:93)
	at org.apache.catalina.core.StandardEngineValve.invoke(StandardEngineValve.java:74)
	at org.apache.catalina.connector.CoyoteAdapter.service(CoyoteAdapter.java:342)
	at org.apache.coyote.http11.Http11Processor.service(Http11Processor.java:390)
	at org.apache.coyote.AbstractProcessorLight.process(AbstractProcessorLight.java:63)
	at org.apache.coyote.AbstractProtocol$ConnectionHandler.process(AbstractProtocol.java:928)
	at org.apache.tomcat.util.net.NioEndpoint$SocketProcessor.doRun(NioEndpoint.java:1794)
	at org.apache.tomcat.util.net.SocketProcessorBase.run(SocketProcessorBase.java:52)
	at org.apache.tomcat.util.threads.ThreadPoolExecutor.runWorker(ThreadPoolExecutor.java:1191)
	at org.apache.tomcat.util.threads.ThreadPoolExecutor$Worker.run(ThreadPoolExecutor.java:659)
	at org.apache.tomcat.util.threads.TaskThread$WrappingRunnable.run(TaskThread.java:61)
	at java.lang.Thread.run(Thread.java:745)
2026-03-24 10:15:48.433 [http-nio-8080-exec-7] DEBUG com.example.shop.controller.ProductController - 查询商品详情, productId=21
2026-03-24 10:15:48.434 [http-nio-8080-exec-7] DEBUG com.example.shop.service.impl.ProductServiceImpl - 查询商品, productId=21
2026-03-24 10:15:48.435 [http-nio-8080-exec-7] DEBUG c.e.shop.mapper.ProductMapper.selectByPrimaryKey - ==>  Preparing: SELECT pid, pname, sprice, cprice, pic, pdesc, is_hot, pdate, number FROM zk_product WHERE pid = ?
2026-03-24 10:15:48.436 [http-nio-8080-exec-7] DEBUG c.e.shop.mapper.ProductMapper.selectByPrimaryKey - ==> Parameters: 21(Integer)
2026-03-24 10:15:48.437 [http-nio-8080-exec-7] DEBUG c.e.shop.mapper.ProductMapper.selectByPrimaryKey - <==      Total: 1
2026-03-24 10:15:48.444 [http-nio-8080-exec-7] ERROR o.a.c.c.C.[Tomcat].[localhost].[/].[jsp] - Servlet.service() for servlet [jsp] threw exception
javax.el.PropertyNotFoundException: Property [remark] not found on type [com.example.shop.entity.Product]
	at javax.el.BeanELResolver$BeanProperties.get(BeanELResolver.java:253)
	at javax.el.BeanELResolver$BeanProperties.access$300(BeanELResolver.java:206)
	at javax.el.BeanELResolver.property(BeanELResolver.java:322)
	at javax.el.BeanELResolver.getValue(BeanELResolver.java:93)
	at org.apache.jasper.el.JasperELResolver.getValue(JasperELResolver.java:125)
	at org.apache.el.parser.AstValue.getValue(AstValue.java:168)
	at org.apache.el.ValueExpressionImpl.getValue(ValueExpressionImpl.java:189)
	at org.apache.jasper.runtime.PageContextImpl.proprietaryEvaluate(PageContextImpl.java:690)
	at org.apache.jsp.detail_jsp._jspService(detail_jsp.java:337)
	at org.apache.jasper.runtime.HttpJspBase.service(HttpJspBase.java:70)
	at javax.servlet.http.HttpServlet.service(HttpServlet.java:623)
	at org.apache.jasper.servlet.JspServletWrapper.service(JspServletWrapper.java:466)
	at org.apache.jasper.servlet.JspServlet.serviceJspFile(JspServlet.java:379)
	at org.apache.jasper.servlet.JspServlet.service(JspServlet.java:327)
	at javax.servlet.http.HttpServlet.service(HttpServlet.java:623)
	at org.apache.catalina.core.ApplicationFilterChain.internalDoFilter(ApplicationFilterChain.java:209)
	at org.apache.catalina.core.ApplicationFilterChain.doFilter(ApplicationFilterChain.java:153)
	at org.apache.tomcat.websocket.server.WsFilter.doFilter(WsFilter.java:51)
	at org.apache.catalina.core.ApplicationFilterChain.internalDoFilter(ApplicationFilterChain.java:178)
	at org.apache.catalina.core.ApplicationFilterChain.doFilter(ApplicationFilterChain.java:153)
	at org.springframework.web.filter.OncePerRequestFilter.doFilter(OncePerRequestFilter.java:111)
	at org.apache.catalina.core.ApplicationFilterChain.internalDoFilter(ApplicationFilterChain.java:178)
	at org.apache.catalina.core.ApplicationFilterChain.doFilter(ApplicationFilterChain.java:153)
	at org.springframework.web.filter.OncePerRequestFilter.doFilter(OncePerRequestFilter.java:111)
	at org.apache.catalina.core.ApplicationFilterChain.internalDoFilter(ApplicationFilterChain.java:178)
	at org.apache.catalina.core.ApplicationFilterChain.doFilter(ApplicationFilterChain.java:153)
	at org.springframework.web.filter.OncePerRequestFilter.doFilter(OncePerRequestFilter.java:111)
	at org.apache.catalina.core.ApplicationFilterChain.internalDoFilter(ApplicationFilterChain.java:178)
	at org.apache.catalina.core.ApplicationFilterChain.doFilter(ApplicationFilterChain.java:153)
	at org.apache.catalina.core.ApplicationDispatcher.invoke(ApplicationDispatcher.java:661)
	at org.apache.catalina.core.ApplicationDispatcher.processRequest(ApplicationDispatcher.java:425)
	at org.apache.catalina.core.ApplicationDispatcher.doForward(ApplicationDispatcher.java:357)
	at org.apache.catalina.core.ApplicationDispatcher.forward(ApplicationDispatcher.java:294)
	at org.springframework.web.servlet.view.InternalResourceView.renderMergedOutputModel(InternalResourceView.java:171)
	at org.springframework.web.servlet.view.AbstractView.render(AbstractView.java:316)
	at org.springframework.web.servlet.DispatcherServlet.render(DispatcherServlet.java:1406)
	at org.springframework.web.servlet.DispatcherServlet.processDispatchResult(DispatcherServlet.java:1150)
	at org.springframework.web.servlet.DispatcherServlet.doDispatch(DispatcherServlet.java:1089)
	at org.springframework.web.servlet.DispatcherServlet.doService(DispatcherServlet.java:965)
	at org.springframework.web.servlet.FrameworkServlet.processRequest(FrameworkServlet.java:1006)
	at org.springframework.web.servlet.FrameworkServlet.doGet(FrameworkServlet.java:898)
	at javax.servlet.http.HttpServlet.service(HttpServlet.java:529)
	at org.springframework.web.servlet.FrameworkServlet.service(FrameworkServlet.java:883)
	at javax.servlet.http.HttpServlet.service(HttpServlet.java:623)
	at org.apache.catalina.core.ApplicationFilterChain.internalDoFilter(ApplicationFilterChain.java:209)
	at org.apache.catalina.core.ApplicationFilterChain.doFilter(ApplicationFilterChain.java:153)
	at org.apache.tomcat.websocket.server.WsFilter.doFilter(WsFilter.java:51)
	at org.apache.catalina.core.ApplicationFilterChain.internalDoFilter(ApplicationFilterChain.java:178)
	at org.apache.catalina.core.ApplicationFilterChain.doFilter(ApplicationFilterChain.java:153)
	at org.springframework.web.filter.RequestContextFilter.doFilterInternal(RequestContextFilter.java:100)
	at org.springframework.web.filter.OncePerRequestFilter.doFilter(OncePerRequestFilter.java:117)
	at org.apache.catalina.core.ApplicationFilterChain.internalDoFilter(ApplicationFilterChain.java:178)
	at org.apache.catalina.core.ApplicationFilterChain.doFilter(ApplicationFilterChain.java:153)
	at org.springframework.web.filter.FormContentFilter.doFilterInternal(FormContentFilter.java:93)
	at org.springframework.web.filter.OncePerRequestFilter.doFilter(OncePerRequestFilter.java:117)
	at org.apache.catalina.core.ApplicationFilterChain.internalDoFilter(ApplicationFilterChain.java:178)
	at org.apache.catalina.core.ApplicationFilterChain.doFilter(ApplicationFilterChain.java:153)
	at org.springframework.web.filter.CharacterEncodingFilter.doFilterInternal(CharacterEncodingFilter.java:201)
	at org.springframework.web.filter.OncePerRequestFilter.doFilter(OncePerRequestFilter.java:117)
	at org.apache.catalina.core.ApplicationFilterChain.internalDoFilter(ApplicationFilterChain.java:178)
	at org.apache.catalina.core.ApplicationFilterChain.doFilter(ApplicationFilterChain.java:153)
	at org.apache.catalina.core.StandardWrapperValve.invoke(StandardWrapperValve.java:168)
	at org.apache.catalina.core.StandardContextValve.invoke(StandardContextValve.java:90)
	at org.apache.catalina.authenticator.AuthenticatorBase.invoke(AuthenticatorBase.java:481)
	at org.apache.catalina.core.StandardHostValve.invoke(StandardHostValve.java:130)
	at org.apache.catalina.valves.ErrorReportValve.invoke(ErrorReportValve.java:93)
	at org.apache.catalina.core.StandardEngineValve.invoke(StandardEngineValve.java:74)
	at org.apache.catalina.connector.CoyoteAdapter.service(CoyoteAdapter.java:342)
	at org.apache.coyote.http11.Http11Processor.service(Http11Processor.java:390)
	at org.apache.coyote.AbstractProcessorLight.process(AbstractProcessorLight.java:63)
	at org.apache.coyote.AbstractProtocol$ConnectionHandler.process(AbstractProtocol.java:928)
	at org.apache.tomcat.util.net.NioEndpoint$SocketProcessor.doRun(NioEndpoint.java:1794)
	at org.apache.tomcat.util.net.SocketProcessorBase.run(SocketProcessorBase.java:52)
	at org.apache.tomcat.util.threads.ThreadPoolExecutor.runWorker(ThreadPoolExecutor.java:1191)
	at org.apache.tomcat.util.threads.ThreadPoolExecutor$Worker.run(ThreadPoolExecutor.java:659)
	at org.apache.tomcat.util.threads.TaskThread$WrappingRunnable.run(TaskThread.java:61)
	at java.lang.Thread.run(Thread.java:745)
2026-03-24 10:15:48.445 [http-nio-8080-exec-7] ERROR o.a.c.c.C.[.[localhost].[/].[dispatcherServlet] - Servlet.service() for servlet [dispatcherServlet] in context with path [] threw exception [javax.el.PropertyNotFoundException: Property [remark] not found on type [com.example.shop.entity.Product]] with root cause
javax.el.PropertyNotFoundException: Property [remark] not found on type [com.example.shop.entity.Product]
	at javax.el.BeanELResolver$BeanProperties.get(BeanELResolver.java:253)
	at javax.el.BeanELResolver$BeanProperties.access$300(BeanELResolver.java:206)
	at javax.el.BeanELResolver.property(BeanELResolver.java:322)
	at javax.el.BeanELResolver.getValue(BeanELResolver.java:93)
	at org.apache.jasper.el.JasperELResolver.getValue(JasperELResolver.java:125)
	at org.apache.el.parser.AstValue.getValue(AstValue.java:168)
	at org.apache.el.ValueExpressionImpl.getValue(ValueExpressionImpl.java:189)
	at org.apache.jasper.runtime.PageContextImpl.proprietaryEvaluate(PageContextImpl.java:690)
	at org.apache.jsp.detail_jsp._jspService(detail_jsp.java:337)
	at org.apache.jasper.runtime.HttpJspBase.service(HttpJspBase.java:70)
	at javax.servlet.http.HttpServlet.service(HttpServlet.java:623)
	at org.apache.jasper.servlet.JspServletWrapper.service(JspServletWrapper.java:466)
	at org.apache.jasper.servlet.JspServlet.serviceJspFile(JspServlet.java:379)
	at org.apache.jasper.servlet.JspServlet.service(JspServlet.java:327)
	at javax.servlet.http.HttpServlet.service(HttpServlet.java:623)
	at org.apache.catalina.core.ApplicationFilterChain.internalDoFilter(ApplicationFilterChain.java:209)
	at org.apache.catalina.core.ApplicationFilterChain.doFilter(ApplicationFilterChain.java:153)
	at org.apache.tomcat.websocket.server.WsFilter.doFilter(WsFilter.java:51)
	at org.apache.catalina.core.ApplicationFilterChain.internalDoFilter(ApplicationFilterChain.java:178)
	at org.apache.catalina.core.ApplicationFilterChain.doFilter(ApplicationFilterChain.java:153)
	at org.springframework.web.filter.OncePerRequestFilter.doFilter(OncePerRequestFilter.java:111)
	at org.apache.catalina.core.ApplicationFilterChain.internalDoFilter(ApplicationFilterChain.java:178)
	at org.apache.catalina.core.ApplicationFilterChain.doFilter(ApplicationFilterChain.java:153)
	at org.springframework.web.filter.OncePerRequestFilter.doFilter(OncePerRequestFilter.java:111)
	at org.apache.catalina.core.ApplicationFilterChain.internalDoFilter(ApplicationFilterChain.java:178)
	at org.apache.catalina.core.ApplicationFilterChain.doFilter(ApplicationFilterChain.java:153)
	at org.springframework.web.filter.OncePerRequestFilter.doFilter(OncePerRequestFilter.java:111)
	at org.apache.catalina.core.ApplicationFilterChain.internalDoFilter(ApplicationFilterChain.java:178)
	at org.apache.catalina.core.ApplicationFilterChain.doFilter(ApplicationFilterChain.java:153)
	at org.apache.catalina.core.ApplicationDispatcher.invoke(ApplicationDispatcher.java:661)
	at org.apache.catalina.core.ApplicationDispatcher.processRequest(ApplicationDispatcher.java:425)
	at org.apache.catalina.core.ApplicationDispatcher.doForward(ApplicationDispatcher.java:357)
	at org.apache.catalina.core.ApplicationDispatcher.forward(ApplicationDispatcher.java:294)
	at org.springframework.web.servlet.view.InternalResourceView.renderMergedOutputModel(InternalResourceView.java:171)
	at org.springframework.web.servlet.view.AbstractView.render(AbstractView.java:316)
	at org.springframework.web.servlet.DispatcherServlet.render(DispatcherServlet.java:1406)
	at org.springframework.web.servlet.DispatcherServlet.processDispatchResult(DispatcherServlet.java:1150)
	at org.springframework.web.servlet.DispatcherServlet.doDispatch(DispatcherServlet.java:1089)
	at org.springframework.web.servlet.DispatcherServlet.doService(DispatcherServlet.java:965)
	at org.springframework.web.servlet.FrameworkServlet.processRequest(FrameworkServlet.java:1006)
	at org.springframework.web.servlet.FrameworkServlet.doGet(FrameworkServlet.java:898)
	at javax.servlet.http.HttpServlet.service(HttpServlet.java:529)
	at org.springframework.web.servlet.FrameworkServlet.service(FrameworkServlet.java:883)
	at javax.servlet.http.HttpServlet.service(HttpServlet.java:623)
	at org.apache.catalina.core.ApplicationFilterChain.internalDoFilter(ApplicationFilterChain.java:209)
	at org.apache.catalina.core.ApplicationFilterChain.doFilter(ApplicationFilterChain.java:153)
	at org.apache.tomcat.websocket.server.WsFilter.doFilter(WsFilter.java:51)
	at org.apache.catalina.core.ApplicationFilterChain.internalDoFilter(ApplicationFilterChain.java:178)
	at org.apache.catalina.core.ApplicationFilterChain.doFilter(ApplicationFilterChain.java:153)
	at org.springframework.web.filter.RequestContextFilter.doFilterInternal(RequestContextFilter.java:100)
	at org.springframework.web.filter.OncePerRequestFilter.doFilter(OncePerRequestFilter.java:117)
	at org.apache.catalina.core.ApplicationFilterChain.internalDoFilter(ApplicationFilterChain.java:178)
	at org.apache.catalina.core.ApplicationFilterChain.doFilter(ApplicationFilterChain.java:153)
	at org.springframework.web.filter.FormContentFilter.doFilterInternal(FormContentFilter.java:93)
	at org.springframework.web.filter.OncePerRequestFilter.doFilter(OncePerRequestFilter.java:117)
	at org.apache.catalina.core.ApplicationFilterChain.internalDoFilter(ApplicationFilterChain.java:178)
	at org.apache.catalina.core.ApplicationFilterChain.doFilter(ApplicationFilterChain.java:153)
	at org.springframework.web.filter.CharacterEncodingFilter.doFilterInternal(CharacterEncodingFilter.java:201)
	at org.springframework.web.filter.OncePerRequestFilter.doFilter(OncePerRequestFilter.java:117)
	at org.apache.catalina.core.ApplicationFilterChain.internalDoFilter(ApplicationFilterChain.java:178)
	at org.apache.catalina.core.ApplicationFilterChain.doFilter(ApplicationFilterChain.java:153)
	at org.apache.catalina.core.StandardWrapperValve.invoke(StandardWrapperValve.java:168)
	at org.apache.catalina.core.StandardContextValve.invoke(StandardContextValve.java:90)
	at org.apache.catalina.authenticator.AuthenticatorBase.invoke(AuthenticatorBase.java:481)
	at org.apache.catalina.core.StandardHostValve.invoke(StandardHostValve.java:130)
	at org.apache.catalina.valves.ErrorReportValve.invoke(ErrorReportValve.java:93)
	at org.apache.catalina.core.StandardEngineValve.invoke(StandardEngineValve.java:74)
	at org.apache.catalina.connector.CoyoteAdapter.service(CoyoteAdapter.java:342)
	at org.apache.coyote.http11.Http11Processor.service(Http11Processor.java:390)
	at org.apache.coyote.AbstractProcessorLight.process(AbstractProcessorLight.java:63)
	at org.apache.coyote.AbstractProtocol$ConnectionHandler.process(AbstractProtocol.java:928)
	at org.apache.tomcat.util.net.NioEndpoint$SocketProcessor.doRun(NioEndpoint.java:1794)
	at org.apache.tomcat.util.net.SocketProcessorBase.run(SocketProcessorBase.java:52)
	at org.apache.tomcat.util.threads.ThreadPoolExecutor.runWorker(ThreadPoolExecutor.java:1191)
	at org.apache.tomcat.util.threads.ThreadPoolExecutor$Worker.run(ThreadPoolExecutor.java:659)
	at org.apache.tomcat.util.threads.TaskThread$WrappingRunnable.run(TaskThread.java:61)
	at java.lang.Thread.run(Thread.java:745)
2026-03-24 10:15:59.753 [http-nio-8080-exec-4] DEBUG com.example.shop.controller.ProductController - 查询前台商品列表, pageNum=1, pageSize=10
2026-03-24 10:15:59.754 [http-nio-8080-exec-4] DEBUG com.example.shop.service.impl.ProductServiceImpl - 分页查询商品, pageNum=1, pageSize=10
2026-03-24 10:15:59.756 [http-nio-8080-exec-4] DEBUG c.e.shop.mapper.ProductMapper.selectAll_COUNT - ==>  Preparing: SELECT count(0) FROM zk_product
2026-03-24 10:15:59.756 [http-nio-8080-exec-4] DEBUG c.e.shop.mapper.ProductMapper.selectAll_COUNT - ==> Parameters: 
2026-03-24 10:15:59.758 [http-nio-8080-exec-4] DEBUG c.e.shop.mapper.ProductMapper.selectAll_COUNT - <==      Total: 1
2026-03-24 10:15:59.758 [http-nio-8080-exec-4] DEBUG com.example.shop.mapper.ProductMapper.selectAll - ==>  Preparing: SELECT pid, pname, sprice, cprice, pic, pdesc, is_hot, pdate, number FROM zk_product ORDER BY pdate DESC LIMIT ?
2026-03-24 10:15:59.758 [http-nio-8080-exec-4] DEBUG com.example.shop.mapper.ProductMapper.selectAll - ==> Parameters: 10(Integer)
2026-03-24 10:15:59.759 [http-nio-8080-exec-4] DEBUG com.example.shop.mapper.ProductMapper.selectAll - <==      Total: 2
2026-03-24 10:15:59.760 [http-nio-8080-exec-4] DEBUG com.example.shop.service.impl.ProductServiceImpl - 查询最新商品, limit=10
2026-03-24 10:15:59.761 [http-nio-8080-exec-4] DEBUG c.e.shop.mapper.ProductMapper.selectNewProducts - ==>  Preparing: SELECT pid, pname, sprice, cprice, pic, pdesc, is_hot, pdate, number FROM zk_product ORDER BY pdate DESC LIMIT ?
2026-03-24 10:15:59.761 [http-nio-8080-exec-4] DEBUG c.e.shop.mapper.ProductMapper.selectNewProducts - ==> Parameters: 10(Integer)
2026-03-24 10:15:59.762 [http-nio-8080-exec-4] DEBUG c.e.shop.mapper.ProductMapper.selectNewProducts - <==      Total: 2
2026-03-24 10:15:59.765 [http-nio-8080-exec-4] DEBUG com.example.shop.service.impl.ProductServiceImpl - 查询热门商品, limit=5
2026-03-24 10:15:59.765 [http-nio-8080-exec-4] DEBUG c.e.shop.mapper.ProductMapper.selectHotProducts - ==>  Preparing: SELECT pid, pname, sprice, cprice, pic, pdesc, is_hot, pdate, number FROM zk_product WHERE is_hot = 1 ORDER BY pdate DESC LIMIT ?
2026-03-24 10:15:59.766 [http-nio-8080-exec-4] DEBUG c.e.shop.mapper.ProductMapper.selectHotProducts - ==> Parameters: 5(Integer)
2026-03-24 10:15:59.767 [http-nio-8080-exec-4] DEBUG c.e.shop.mapper.ProductMapper.selectHotProducts - <==      Total: 2
2026-03-24 10:16:05.659 [http-nio-8080-exec-2] DEBUG com.example.shop.controller.ProductController - 查询前台商品列表, pageNum=1, pageSize=10
2026-03-24 10:16:05.659 [http-nio-8080-exec-2] DEBUG com.example.shop.service.impl.ProductServiceImpl - 分页查询商品, pageNum=1, pageSize=10
2026-03-24 10:16:05.662 [http-nio-8080-exec-2] DEBUG c.e.shop.mapper.ProductMapper.selectAll_COUNT - ==>  Preparing: SELECT count(0) FROM zk_product
2026-03-24 10:16:05.662 [http-nio-8080-exec-2] DEBUG c.e.shop.mapper.ProductMapper.selectAll_COUNT - ==> Parameters: 
2026-03-24 10:16:05.663 [http-nio-8080-exec-2] DEBUG c.e.shop.mapper.ProductMapper.selectAll_COUNT - <==      Total: 1
2026-03-24 10:16:05.663 [http-nio-8080-exec-2] DEBUG com.example.shop.mapper.ProductMapper.selectAll - ==>  Preparing: SELECT pid, pname, sprice, cprice, pic, pdesc, is_hot, pdate, number FROM zk_product ORDER BY pdate DESC LIMIT ?
2026-03-24 10:16:05.663 [http-nio-8080-exec-2] DEBUG com.example.shop.mapper.ProductMapper.selectAll - ==> Parameters: 10(Integer)
2026-03-24 10:16:05.665 [http-nio-8080-exec-2] DEBUG com.example.shop.mapper.ProductMapper.selectAll - <==      Total: 2
2026-03-24 10:16:05.666 [http-nio-8080-exec-2] DEBUG com.example.shop.service.impl.ProductServiceImpl - 查询最新商品, limit=10
2026-03-24 10:16:05.666 [http-nio-8080-exec-2] DEBUG c.e.shop.mapper.ProductMapper.selectNewProducts - ==>  Preparing: SELECT pid, pname, sprice, cprice, pic, pdesc, is_hot, pdate, number FROM zk_product ORDER BY pdate DESC LIMIT ?
2026-03-24 10:16:05.666 [http-nio-8080-exec-2] DEBUG c.e.shop.mapper.ProductMapper.selectNewProducts - ==> Parameters: 10(Integer)
2026-03-24 10:16:05.666 [http-nio-8080-exec-2] DEBUG c.e.shop.mapper.ProductMapper.selectNewProducts - <==      Total: 2
2026-03-24 10:16:05.668 [http-nio-8080-exec-2] DEBUG com.example.shop.service.impl.ProductServiceImpl - 查询热门商品, limit=5
2026-03-24 10:16:05.668 [http-nio-8080-exec-2] DEBUG c.e.shop.mapper.ProductMapper.selectHotProducts - ==>  Preparing: SELECT pid, pname, sprice, cprice, pic, pdesc, is_hot, pdate, number FROM zk_product WHERE is_hot = 1 ORDER BY pdate DESC LIMIT ?
2026-03-24 10:16:05.668 [http-nio-8080-exec-2] DEBUG c.e.shop.mapper.ProductMapper.selectHotProducts - ==> Parameters: 5(Integer)
2026-03-24 10:16:05.670 [http-nio-8080-exec-2] DEBUG c.e.shop.mapper.ProductMapper.selectHotProducts - <==      Total: 2
2026-03-24 10:16:11.683 [http-nio-8080-exec-1] DEBUG com.example.shop.controller.ProductController - 查询商品详情, productId=20
2026-03-24 10:16:11.684 [http-nio-8080-exec-1] DEBUG com.example.shop.service.impl.ProductServiceImpl - 查询商品, productId=20
2026-03-24 10:16:11.685 [http-nio-8080-exec-1] DEBUG c.e.shop.mapper.ProductMapper.selectByPrimaryKey - ==>  Preparing: SELECT pid, pname, sprice, cprice, pic, pdesc, is_hot, pdate, number FROM zk_product WHERE pid = ?
2026-03-24 10:16:11.685 [http-nio-8080-exec-1] DEBUG c.e.shop.mapper.ProductMapper.selectByPrimaryKey - ==> Parameters: 20(Integer)
2026-03-24 10:16:11.686 [http-nio-8080-exec-1] DEBUG c.e.shop.mapper.ProductMapper.selectByPrimaryKey - <==      Total: 1
2026-03-24 10:16:11.691 [http-nio-8080-exec-1] ERROR o.a.c.c.C.[Tomcat].[localhost].[/].[jsp] - Servlet.service() for servlet [jsp] threw exception
javax.el.PropertyNotFoundException: Property [remark] not found on type [com.example.shop.entity.Product]
	at javax.el.BeanELResolver$BeanProperties.get(BeanELResolver.java:253)
	at javax.el.BeanELResolver$BeanProperties.access$300(BeanELResolver.java:206)
	at javax.el.BeanELResolver.property(BeanELResolver.java:322)
	at javax.el.BeanELResolver.getValue(BeanELResolver.java:93)
	at org.apache.jasper.el.JasperELResolver.getValue(JasperELResolver.java:125)
	at org.apache.el.parser.AstValue.getValue(AstValue.java:168)
	at org.apache.el.ValueExpressionImpl.getValue(ValueExpressionImpl.java:189)
	at org.apache.jasper.runtime.PageContextImpl.proprietaryEvaluate(PageContextImpl.java:690)
	at org.apache.jsp.detail_jsp._jspService(detail_jsp.java:337)
	at org.apache.jasper.runtime.HttpJspBase.service(HttpJspBase.java:70)
	at javax.servlet.http.HttpServlet.service(HttpServlet.java:623)
	at org.apache.jasper.servlet.JspServletWrapper.service(JspServletWrapper.java:466)
	at org.apache.jasper.servlet.JspServlet.serviceJspFile(JspServlet.java:379)
	at org.apache.jasper.servlet.JspServlet.service(JspServlet.java:327)
	at javax.servlet.http.HttpServlet.service(HttpServlet.java:623)
	at org.apache.catalina.core.ApplicationFilterChain.internalDoFilter(ApplicationFilterChain.java:209)
	at org.apache.catalina.core.ApplicationFilterChain.doFilter(ApplicationFilterChain.java:153)
	at org.apache.tomcat.websocket.server.WsFilter.doFilter(WsFilter.java:51)
	at org.apache.catalina.core.ApplicationFilterChain.internalDoFilter(ApplicationFilterChain.java:178)
	at org.apache.catalina.core.ApplicationFilterChain.doFilter(ApplicationFilterChain.java:153)
	at org.springframework.web.filter.OncePerRequestFilter.doFilter(OncePerRequestFilter.java:111)
	at org.apache.catalina.core.ApplicationFilterChain.internalDoFilter(ApplicationFilterChain.java:178)
	at org.apache.catalina.core.ApplicationFilterChain.doFilter(ApplicationFilterChain.java:153)
	at org.springframework.web.filter.OncePerRequestFilter.doFilter(OncePerRequestFilter.java:111)
	at org.apache.catalina.core.ApplicationFilterChain.internalDoFilter(ApplicationFilterChain.java:178)
	at org.apache.catalina.core.ApplicationFilterChain.doFilter(ApplicationFilterChain.java:153)
	at org.springframework.web.filter.OncePerRequestFilter.doFilter(OncePerRequestFilter.java:111)
	at org.apache.catalina.core.ApplicationFilterChain.internalDoFilter(ApplicationFilterChain.java:178)
	at org.apache.catalina.core.ApplicationFilterChain.doFilter(ApplicationFilterChain.java:153)
	at org.apache.catalina.core.ApplicationDispatcher.invoke(ApplicationDispatcher.java:661)
	at org.apache.catalina.core.ApplicationDispatcher.processRequest(ApplicationDispatcher.java:425)
	at org.apache.catalina.core.ApplicationDispatcher.doForward(ApplicationDispatcher.java:357)
	at org.apache.catalina.core.ApplicationDispatcher.forward(ApplicationDispatcher.java:294)
	at org.springframework.web.servlet.view.InternalResourceView.renderMergedOutputModel(InternalResourceView.java:171)
	at org.springframework.web.servlet.view.AbstractView.render(AbstractView.java:316)
	at org.springframework.web.servlet.DispatcherServlet.render(DispatcherServlet.java:1406)
	at org.springframework.web.servlet.DispatcherServlet.processDispatchResult(DispatcherServlet.java:1150)
	at org.springframework.web.servlet.DispatcherServlet.doDispatch(DispatcherServlet.java:1089)
	at org.springframework.web.servlet.DispatcherServlet.doService(DispatcherServlet.java:965)
	at org.springframework.web.servlet.FrameworkServlet.processRequest(FrameworkServlet.java:1006)
	at org.springframework.web.servlet.FrameworkServlet.doGet(FrameworkServlet.java:898)
	at javax.servlet.http.HttpServlet.service(HttpServlet.java:529)
	at org.springframework.web.servlet.FrameworkServlet.service(FrameworkServlet.java:883)
	at javax.servlet.http.HttpServlet.service(HttpServlet.java:623)
	at org.apache.catalina.core.ApplicationFilterChain.internalDoFilter(ApplicationFilterChain.java:209)
	at org.apache.catalina.core.ApplicationFilterChain.doFilter(ApplicationFilterChain.java:153)
	at org.apache.tomcat.websocket.server.WsFilter.doFilter(WsFilter.java:51)
	at org.apache.catalina.core.ApplicationFilterChain.internalDoFilter(ApplicationFilterChain.java:178)
	at org.apache.catalina.core.ApplicationFilterChain.doFilter(ApplicationFilterChain.java:153)
	at org.springframework.web.filter.RequestContextFilter.doFilterInternal(RequestContextFilter.java:100)
	at org.springframework.web.filter.OncePerRequestFilter.doFilter(OncePerRequestFilter.java:117)
	at org.apache.catalina.core.ApplicationFilterChain.internalDoFilter(ApplicationFilterChain.java:178)
	at org.apache.catalina.core.ApplicationFilterChain.doFilter(ApplicationFilterChain.java:153)
	at org.springframework.web.filter.FormContentFilter.doFilterInternal(FormContentFilter.java:93)
	at org.springframework.web.filter.OncePerRequestFilter.doFilter(OncePerRequestFilter.java:117)
	at org.apache.catalina.core.ApplicationFilterChain.internalDoFilter(ApplicationFilterChain.java:178)
	at org.apache.catalina.core.ApplicationFilterChain.doFilter(ApplicationFilterChain.java:153)
	at org.springframework.web.filter.CharacterEncodingFilter.doFilterInternal(CharacterEncodingFilter.java:201)
	at org.springframework.web.filter.OncePerRequestFilter.doFilter(OncePerRequestFilter.java:117)
	at org.apache.catalina.core.ApplicationFilterChain.internalDoFilter(ApplicationFilterChain.java:178)
	at org.apache.catalina.core.ApplicationFilterChain.doFilter(ApplicationFilterChain.java:153)
	at org.apache.catalina.core.StandardWrapperValve.invoke(StandardWrapperValve.java:168)
	at org.apache.catalina.core.StandardContextValve.invoke(StandardContextValve.java:90)
	at org.apache.catalina.authenticator.AuthenticatorBase.invoke(AuthenticatorBase.java:481)
	at org.apache.catalina.core.StandardHostValve.invoke(StandardHostValve.java:130)
	at org.apache.catalina.valves.ErrorReportValve.invoke(ErrorReportValve.java:93)
	at org.apache.catalina.core.StandardEngineValve.invoke(StandardEngineValve.java:74)
	at org.apache.catalina.connector.CoyoteAdapter.service(CoyoteAdapter.java:342)
	at org.apache.coyote.http11.Http11Processor.service(Http11Processor.java:390)
	at org.apache.coyote.AbstractProcessorLight.process(AbstractProcessorLight.java:63)
	at org.apache.coyote.AbstractProtocol$ConnectionHandler.process(AbstractProtocol.java:928)
	at org.apache.tomcat.util.net.NioEndpoint$SocketProcessor.doRun(NioEndpoint.java:1794)
	at org.apache.tomcat.util.net.SocketProcessorBase.run(SocketProcessorBase.java:52)
	at org.apache.tomcat.util.threads.ThreadPoolExecutor.runWorker(ThreadPoolExecutor.java:1191)
	at org.apache.tomcat.util.threads.ThreadPoolExecutor$Worker.run(ThreadPoolExecutor.java:659)
	at org.apache.tomcat.util.threads.TaskThread$WrappingRunnable.run(TaskThread.java:61)
	at java.lang.Thread.run(Thread.java:745)
2026-03-24 10:16:11.692 [http-nio-8080-exec-1] ERROR o.a.c.c.C.[.[localhost].[/].[dispatcherServlet] - Servlet.service() for servlet [dispatcherServlet] in context with path [] threw exception [javax.el.PropertyNotFoundException: Property [remark] not found on type [com.example.shop.entity.Product]] with root cause
javax.el.PropertyNotFoundException: Property [remark] not found on type [com.example.shop.entity.Product]
	at javax.el.BeanELResolver$BeanProperties.get(BeanELResolver.java:253)
	at javax.el.BeanELResolver$BeanProperties.access$300(BeanELResolver.java:206)
	at javax.el.BeanELResolver.property(BeanELResolver.java:322)
	at javax.el.BeanELResolver.getValue(BeanELResolver.java:93)
	at org.apache.jasper.el.JasperELResolver.getValue(JasperELResolver.java:125)
	at org.apache.el.parser.AstValue.getValue(AstValue.java:168)
	at org.apache.el.ValueExpressionImpl.getValue(ValueExpressionImpl.java:189)
	at org.apache.jasper.runtime.PageContextImpl.proprietaryEvaluate(PageContextImpl.java:690)
	at org.apache.jsp.detail_jsp._jspService(detail_jsp.java:337)
	at org.apache.jasper.runtime.HttpJspBase.service(HttpJspBase.java:70)
	at javax.servlet.http.HttpServlet.service(HttpServlet.java:623)
	at org.apache.jasper.servlet.JspServletWrapper.service(JspServletWrapper.java:466)
	at org.apache.jasper.servlet.JspServlet.serviceJspFile(JspServlet.java:379)
	at org.apache.jasper.servlet.JspServlet.service(JspServlet.java:327)
	at javax.servlet.http.HttpServlet.service(HttpServlet.java:623)
	at org.apache.catalina.core.ApplicationFilterChain.internalDoFilter(ApplicationFilterChain.java:209)
	at org.apache.catalina.core.ApplicationFilterChain.doFilter(ApplicationFilterChain.java:153)
	at org.apache.tomcat.websocket.server.WsFilter.doFilter(WsFilter.java:51)
	at org.apache.catalina.core.ApplicationFilterChain.internalDoFilter(ApplicationFilterChain.java:178)
	at org.apache.catalina.core.ApplicationFilterChain.doFilter(ApplicationFilterChain.java:153)
	at org.springframework.web.filter.OncePerRequestFilter.doFilter(OncePerRequestFilter.java:111)
	at org.apache.catalina.core.ApplicationFilterChain.internalDoFilter(ApplicationFilterChain.java:178)
	at org.apache.catalina.core.ApplicationFilterChain.doFilter(ApplicationFilterChain.java:153)
	at org.springframework.web.filter.OncePerRequestFilter.doFilter(OncePerRequestFilter.java:111)
	at org.apache.catalina.core.ApplicationFilterChain.internalDoFilter(ApplicationFilterChain.java:178)
	at org.apache.catalina.core.ApplicationFilterChain.doFilter(ApplicationFilterChain.java:153)
	at org.springframework.web.filter.OncePerRequestFilter.doFilter(OncePerRequestFilter.java:111)
	at org.apache.catalina.core.ApplicationFilterChain.internalDoFilter(ApplicationFilterChain.java:178)
	at org.apache.catalina.core.ApplicationFilterChain.doFilter(ApplicationFilterChain.java:153)
	at org.apache.catalina.core.ApplicationDispatcher.invoke(ApplicationDispatcher.java:661)
	at org.apache.catalina.core.ApplicationDispatcher.processRequest(ApplicationDispatcher.java:425)
	at org.apache.catalina.core.ApplicationDispatcher.doForward(ApplicationDispatcher.java:357)
	at org.apache.catalina.core.ApplicationDispatcher.forward(ApplicationDispatcher.java:294)
	at org.springframework.web.servlet.view.InternalResourceView.renderMergedOutputModel(InternalResourceView.java:171)
	at org.springframework.web.servlet.view.AbstractView.render(AbstractView.java:316)
	at org.springframework.web.servlet.DispatcherServlet.render(DispatcherServlet.java:1406)
	at org.springframework.web.servlet.DispatcherServlet.processDispatchResult(DispatcherServlet.java:1150)
	at org.springframework.web.servlet.DispatcherServlet.doDispatch(DispatcherServlet.java:1089)
	at org.springframework.web.servlet.DispatcherServlet.doService(DispatcherServlet.java:965)
	at org.springframework.web.servlet.FrameworkServlet.processRequest(FrameworkServlet.java:1006)
	at org.springframework.web.servlet.FrameworkServlet.doGet(FrameworkServlet.java:898)
	at javax.servlet.http.HttpServlet.service(HttpServlet.java:529)
	at org.springframework.web.servlet.FrameworkServlet.service(FrameworkServlet.java:883)
	at javax.servlet.http.HttpServlet.service(HttpServlet.java:623)
	at org.apache.catalina.core.ApplicationFilterChain.internalDoFilter(ApplicationFilterChain.java:209)
	at org.apache.catalina.core.ApplicationFilterChain.doFilter(ApplicationFilterChain.java:153)
	at org.apache.tomcat.websocket.server.WsFilter.doFilter(WsFilter.java:51)
	at org.apache.catalina.core.ApplicationFilterChain.internalDoFilter(ApplicationFilterChain.java:178)
	at org.apache.catalina.core.ApplicationFilterChain.doFilter(ApplicationFilterChain.java:153)
	at org.springframework.web.filter.RequestContextFilter.doFilterInternal(RequestContextFilter.java:100)
	at org.springframework.web.filter.OncePerRequestFilter.doFilter(OncePerRequestFilter.java:117)
	at org.apache.catalina.core.ApplicationFilterChain.internalDoFilter(ApplicationFilterChain.java:178)
	at org.apache.catalina.core.ApplicationFilterChain.doFilter(ApplicationFilterChain.java:153)
	at org.springframework.web.filter.FormContentFilter.doFilterInternal(FormContentFilter.java:93)
	at org.springframework.web.filter.OncePerRequestFilter.doFilter(OncePerRequestFilter.java:117)
	at org.apache.catalina.core.ApplicationFilterChain.internalDoFilter(ApplicationFilterChain.java:178)
	at org.apache.catalina.core.ApplicationFilterChain.doFilter(ApplicationFilterChain.java:153)
	at org.springframework.web.filter.CharacterEncodingFilter.doFilterInternal(CharacterEncodingFilter.java:201)
	at org.springframework.web.filter.OncePerRequestFilter.doFilter(OncePerRequestFilter.java:117)
	at org.apache.catalina.core.ApplicationFilterChain.internalDoFilter(ApplicationFilterChain.java:178)
	at org.apache.catalina.core.ApplicationFilterChain.doFilter(ApplicationFilterChain.java:153)
	at org.apache.catalina.core.StandardWrapperValve.invoke(StandardWrapperValve.java:168)
	at org.apache.catalina.core.StandardContextValve.invoke(StandardContextValve.java:90)
	at org.apache.catalina.authenticator.AuthenticatorBase.invoke(AuthenticatorBase.java:481)
	at org.apache.catalina.core.StandardHostValve.invoke(StandardHostValve.java:130)
	at org.apache.catalina.valves.ErrorReportValve.invoke(ErrorReportValve.java:93)
	at org.apache.catalina.core.StandardEngineValve.invoke(StandardEngineValve.java:74)
	at org.apache.catalina.connector.CoyoteAdapter.service(CoyoteAdapter.java:342)
	at org.apache.coyote.http11.Http11Processor.service(Http11Processor.java:390)
	at org.apache.coyote.AbstractProcessorLight.process(AbstractProcessorLight.java:63)
	at org.apache.coyote.AbstractProtocol$ConnectionHandler.process(AbstractProtocol.java:928)
	at org.apache.tomcat.util.net.NioEndpoint$SocketProcessor.doRun(NioEndpoint.java:1794)
	at org.apache.tomcat.util.net.SocketProcessorBase.run(SocketProcessorBase.java:52)
	at org.apache.tomcat.util.threads.ThreadPoolExecutor.runWorker(ThreadPoolExecutor.java:1191)
	at org.apache.tomcat.util.threads.ThreadPoolExecutor$Worker.run(ThreadPoolExecutor.java:659)
	at org.apache.tomcat.util.threads.TaskThread$WrappingRunnable.run(TaskThread.java:61)
	at java.lang.Thread.run(Thread.java:745)
2026-03-24 10:24:53.791 [main] INFO  com.example.shop.ShopApplication - Starting ShopApplication using Java 1.8.0_121 on MSI with PID 13592 (D:\Aijava\javaproject\260319\dogfood-2-435\glm\shop-boot\target\classes started by 20807 in D:\Aijava\javaproject\260319\dogfood-2-435\glm\shop-boot)
2026-03-24 10:24:53.794 [main] DEBUG com.example.shop.ShopApplication - Running with Spring Boot v2.7.18, Spring v5.3.31
2026-03-24 10:24:53.794 [main] INFO  com.example.shop.ShopApplication - No active profile set, falling back to 1 default profile: "default"
2026-03-24 10:24:54.548 [main] INFO  o.s.boot.web.embedded.tomcat.TomcatWebServer - Tomcat initialized with port(s): 8080 (http)
2026-03-24 10:24:54.552 [main] INFO  org.apache.catalina.core.StandardService - Starting service [Tomcat]
2026-03-24 10:24:54.552 [main] INFO  org.apache.catalina.core.StandardEngine - Starting Servlet engine: [Apache Tomcat/9.0.83]
2026-03-24 10:24:54.771 [main] INFO  org.apache.jasper.servlet.TldScanner - At least one JAR was scanned for TLDs yet contained no TLDs. Enable debug logging for this logger for a complete list of JARs that were scanned but no TLDs were found in them. Skipping unneeded JARs during scanning can improve startup time and JSP compilation time.
2026-03-24 10:24:54.775 [main] INFO  o.a.c.core.ContainerBase.[Tomcat].[localhost].[/] - Initializing Spring embedded WebApplicationContext
2026-03-24 10:24:54.776 [main] INFO  o.s.b.w.s.c.ServletWebServerApplicationContext - Root WebApplicationContext: initialization completed in 944 ms
2026-03-24 10:24:54.898 [main] INFO  c.a.d.s.b.a.DruidDataSourceAutoConfigure - Init DruidDataSource
2026-03-24 10:24:55.143 [main] INFO  com.alibaba.druid.pool.DruidDataSource - {dataSource-1} inited
2026-03-24 10:24:55.378 [main] INFO  o.s.b.a.web.servlet.WelcomePageHandlerMapping - Adding welcome page template: index
2026-03-24 10:24:55.502 [main] INFO  o.s.boot.web.embedded.tomcat.TomcatWebServer - Tomcat started on port(s): 8080 (http) with context path ''
2026-03-24 10:24:55.509 [main] INFO  com.example.shop.ShopApplication - Started ShopApplication in 2.04 seconds (JVM running for 2.801)
2026-03-24 10:25:01.935 [http-nio-8080-exec-1] INFO  o.a.c.core.ContainerBase.[Tomcat].[localhost].[/] - Initializing Spring DispatcherServlet 'dispatcherServlet'
2026-03-24 10:25:01.935 [http-nio-8080-exec-1] INFO  org.springframework.web.servlet.DispatcherServlet - Initializing Servlet 'dispatcherServlet'
2026-03-24 10:25:01.936 [http-nio-8080-exec-1] INFO  org.springframework.web.servlet.DispatcherServlet - Completed initialization in 1 ms
2026-03-24 10:25:01.958 [http-nio-8080-exec-1] DEBUG com.example.shop.controller.ProductController - 查询前台商品列表, pageNum=1, pageSize=10
2026-03-24 10:25:01.969 [http-nio-8080-exec-1] DEBUG com.example.shop.service.impl.ProductServiceImpl - 分页查询商品, pageNum=1, pageSize=10
2026-03-24 10:25:02.011 [http-nio-8080-exec-1] DEBUG c.e.shop.mapper.ProductMapper.selectAll_COUNT - ==>  Preparing: SELECT count(0) FROM zk_product
2026-03-24 10:25:02.027 [http-nio-8080-exec-1] DEBUG c.e.shop.mapper.ProductMapper.selectAll_COUNT - ==> Parameters: 
2026-03-24 10:25:02.044 [http-nio-8080-exec-1] DEBUG c.e.shop.mapper.ProductMapper.selectAll_COUNT - <==      Total: 1
2026-03-24 10:25:02.046 [http-nio-8080-exec-1] DEBUG com.example.shop.mapper.ProductMapper.selectAll - ==>  Preparing: SELECT pid, pname, sprice, cprice, pic, pdesc, is_hot, pdate, number FROM zk_product ORDER BY pdate DESC LIMIT ?
2026-03-24 10:25:02.049 [http-nio-8080-exec-1] DEBUG com.example.shop.mapper.ProductMapper.selectAll - ==> Parameters: 10(Integer)
2026-03-24 10:25:02.052 [http-nio-8080-exec-1] DEBUG com.example.shop.mapper.ProductMapper.selectAll - <==      Total: 2
2026-03-24 10:25:02.054 [http-nio-8080-exec-1] DEBUG com.example.shop.service.impl.ProductServiceImpl - 查询最新商品, limit=10
2026-03-24 10:25:02.055 [http-nio-8080-exec-1] DEBUG c.e.shop.mapper.ProductMapper.selectNewProducts - ==>  Preparing: SELECT pid, pname, sprice, cprice, pic, pdesc, is_hot, pdate, number FROM zk_product ORDER BY pdate DESC LIMIT ?
2026-03-24 10:25:02.057 [http-nio-8080-exec-1] DEBUG c.e.shop.mapper.ProductMapper.selectNewProducts - ==> Parameters: 10(Integer)
2026-03-24 10:25:02.057 [http-nio-8080-exec-1] DEBUG c.e.shop.mapper.ProductMapper.selectNewProducts - <==      Total: 2
2026-03-24 10:25:02.058 [http-nio-8080-exec-1] DEBUG com.example.shop.service.impl.ProductServiceImpl - 查询热门商品, limit=5
2026-03-24 10:25:02.058 [http-nio-8080-exec-1] DEBUG c.e.shop.mapper.ProductMapper.selectHotProducts - ==>  Preparing: SELECT pid, pname, sprice, cprice, pic, pdesc, is_hot, pdate, number FROM zk_product WHERE is_hot = 1 ORDER BY pdate DESC LIMIT ?
2026-03-24 10:25:02.090 [http-nio-8080-exec-1] DEBUG c.e.shop.mapper.ProductMapper.selectHotProducts - ==> Parameters: 5(Integer)
2026-03-24 10:25:02.092 [http-nio-8080-exec-1] DEBUG c.e.shop.mapper.ProductMapper.selectHotProducts - <==      Total: 2
2026-03-24 10:25:05.053 [http-nio-8080-exec-4] DEBUG com.example.shop.controller.ProductController - 查询商品详情, productId=20
2026-03-24 10:25:05.054 [http-nio-8080-exec-4] DEBUG com.example.shop.service.impl.ProductServiceImpl - 查询商品, productId=20
2026-03-24 10:25:05.056 [http-nio-8080-exec-4] DEBUG c.e.shop.mapper.ProductMapper.selectByPrimaryKey - ==>  Preparing: SELECT pid, pname, sprice, cprice, pic, pdesc, is_hot, pdate, number FROM zk_product WHERE pid = ?
2026-03-24 10:25:05.056 [http-nio-8080-exec-4] DEBUG c.e.shop.mapper.ProductMapper.selectByPrimaryKey - ==> Parameters: 20(Integer)
2026-03-24 10:25:05.057 [http-nio-8080-exec-4] DEBUG c.e.shop.mapper.ProductMapper.selectByPrimaryKey - <==      Total: 1
2026-03-24 10:25:05.167 [http-nio-8080-exec-4] ERROR o.a.c.c.C.[Tomcat].[localhost].[/].[jsp] - Servlet.service() for servlet [jsp] threw exception
javax.el.PropertyNotFoundException: Property [remark] not found on type [com.example.shop.entity.Product]
	at javax.el.BeanELResolver$BeanProperties.get(BeanELResolver.java:253)
	at javax.el.BeanELResolver$BeanProperties.access$300(BeanELResolver.java:206)
	at javax.el.BeanELResolver.property(BeanELResolver.java:322)
	at javax.el.BeanELResolver.getValue(BeanELResolver.java:93)
	at org.apache.jasper.el.JasperELResolver.getValue(JasperELResolver.java:125)
	at org.apache.el.parser.AstValue.getValue(AstValue.java:168)
	at org.apache.el.ValueExpressionImpl.getValue(ValueExpressionImpl.java:189)
	at org.apache.jasper.runtime.PageContextImpl.proprietaryEvaluate(PageContextImpl.java:690)
	at org.apache.jsp.detail_jsp._jspService(detail_jsp.java:337)
	at org.apache.jasper.runtime.HttpJspBase.service(HttpJspBase.java:70)
	at javax.servlet.http.HttpServlet.service(HttpServlet.java:623)
	at org.apache.jasper.servlet.JspServletWrapper.service(JspServletWrapper.java:466)
	at org.apache.jasper.servlet.JspServlet.serviceJspFile(JspServlet.java:379)
	at org.apache.jasper.servlet.JspServlet.service(JspServlet.java:327)
	at javax.servlet.http.HttpServlet.service(HttpServlet.java:623)
	at org.apache.catalina.core.ApplicationFilterChain.internalDoFilter(ApplicationFilterChain.java:209)
	at org.apache.catalina.core.ApplicationFilterChain.doFilter(ApplicationFilterChain.java:153)
	at org.apache.tomcat.websocket.server.WsFilter.doFilter(WsFilter.java:51)
	at org.apache.catalina.core.ApplicationFilterChain.internalDoFilter(ApplicationFilterChain.java:178)
	at org.apache.catalina.core.ApplicationFilterChain.doFilter(ApplicationFilterChain.java:153)
	at org.springframework.web.filter.OncePerRequestFilter.doFilter(OncePerRequestFilter.java:111)
	at org.apache.catalina.core.ApplicationFilterChain.internalDoFilter(ApplicationFilterChain.java:178)
	at org.apache.catalina.core.ApplicationFilterChain.doFilter(ApplicationFilterChain.java:153)
	at org.springframework.web.filter.OncePerRequestFilter.doFilter(OncePerRequestFilter.java:111)
	at org.apache.catalina.core.ApplicationFilterChain.internalDoFilter(ApplicationFilterChain.java:178)
	at org.apache.catalina.core.ApplicationFilterChain.doFilter(ApplicationFilterChain.java:153)
	at org.springframework.web.filter.OncePerRequestFilter.doFilter(OncePerRequestFilter.java:111)
	at org.apache.catalina.core.ApplicationFilterChain.internalDoFilter(ApplicationFilterChain.java:178)
	at org.apache.catalina.core.ApplicationFilterChain.doFilter(ApplicationFilterChain.java:153)
	at org.apache.catalina.core.ApplicationDispatcher.invoke(ApplicationDispatcher.java:661)
	at org.apache.catalina.core.ApplicationDispatcher.processRequest(ApplicationDispatcher.java:425)
	at org.apache.catalina.core.ApplicationDispatcher.doForward(ApplicationDispatcher.java:357)
	at org.apache.catalina.core.ApplicationDispatcher.forward(ApplicationDispatcher.java:294)
	at org.springframework.web.servlet.view.InternalResourceView.renderMergedOutputModel(InternalResourceView.java:171)
	at org.springframework.web.servlet.view.AbstractView.render(AbstractView.java:316)
	at org.springframework.web.servlet.DispatcherServlet.render(DispatcherServlet.java:1406)
	at org.springframework.web.servlet.DispatcherServlet.processDispatchResult(DispatcherServlet.java:1150)
	at org.springframework.web.servlet.DispatcherServlet.doDispatch(DispatcherServlet.java:1089)
	at org.springframework.web.servlet.DispatcherServlet.doService(DispatcherServlet.java:965)
	at org.springframework.web.servlet.FrameworkServlet.processRequest(FrameworkServlet.java:1006)
	at org.springframework.web.servlet.FrameworkServlet.doGet(FrameworkServlet.java:898)
	at javax.servlet.http.HttpServlet.service(HttpServlet.java:529)
	at org.springframework.web.servlet.FrameworkServlet.service(FrameworkServlet.java:883)
	at javax.servlet.http.HttpServlet.service(HttpServlet.java:623)
	at org.apache.catalina.core.ApplicationFilterChain.internalDoFilter(ApplicationFilterChain.java:209)
	at org.apache.catalina.core.ApplicationFilterChain.doFilter(ApplicationFilterChain.java:153)
	at org.apache.tomcat.websocket.server.WsFilter.doFilter(WsFilter.java:51)
	at org.apache.catalina.core.ApplicationFilterChain.internalDoFilter(ApplicationFilterChain.java:178)
	at org.apache.catalina.core.ApplicationFilterChain.doFilter(ApplicationFilterChain.java:153)
	at org.springframework.web.filter.RequestContextFilter.doFilterInternal(RequestContextFilter.java:100)
	at org.springframework.web.filter.OncePerRequestFilter.doFilter(OncePerRequestFilter.java:117)
	at org.apache.catalina.core.ApplicationFilterChain.internalDoFilter(ApplicationFilterChain.java:178)
	at org.apache.catalina.core.ApplicationFilterChain.doFilter(ApplicationFilterChain.java:153)
	at org.springframework.web.filter.FormContentFilter.doFilterInternal(FormContentFilter.java:93)
	at org.springframework.web.filter.OncePerRequestFilter.doFilter(OncePerRequestFilter.java:117)
	at org.apache.catalina.core.ApplicationFilterChain.internalDoFilter(ApplicationFilterChain.java:178)
	at org.apache.catalina.core.ApplicationFilterChain.doFilter(ApplicationFilterChain.java:153)
	at org.springframework.web.filter.CharacterEncodingFilter.doFilterInternal(CharacterEncodingFilter.java:201)
	at org.springframework.web.filter.OncePerRequestFilter.doFilter(OncePerRequestFilter.java:117)
	at org.apache.catalina.core.ApplicationFilterChain.internalDoFilter(ApplicationFilterChain.java:178)
	at org.apache.catalina.core.ApplicationFilterChain.doFilter(ApplicationFilterChain.java:153)
	at org.apache.catalina.core.StandardWrapperValve.invoke(StandardWrapperValve.java:168)
	at org.apache.catalina.core.StandardContextValve.invoke(StandardContextValve.java:90)
	at org.apache.catalina.authenticator.AuthenticatorBase.invoke(AuthenticatorBase.java:481)
	at org.apache.catalina.core.StandardHostValve.invoke(StandardHostValve.java:130)
	at org.apache.catalina.valves.ErrorReportValve.invoke(ErrorReportValve.java:93)
	at org.apache.catalina.core.StandardEngineValve.invoke(StandardEngineValve.java:74)
	at org.apache.catalina.connector.CoyoteAdapter.service(CoyoteAdapter.java:342)
	at org.apache.coyote.http11.Http11Processor.service(Http11Processor.java:390)
	at org.apache.coyote.AbstractProcessorLight.process(AbstractProcessorLight.java:63)
	at org.apache.coyote.AbstractProtocol$ConnectionHandler.process(AbstractProtocol.java:928)
	at org.apache.tomcat.util.net.NioEndpoint$SocketProcessor.doRun(NioEndpoint.java:1794)
	at org.apache.tomcat.util.net.SocketProcessorBase.run(SocketProcessorBase.java:52)
	at org.apache.tomcat.util.threads.ThreadPoolExecutor.runWorker(ThreadPoolExecutor.java:1191)
	at org.apache.tomcat.util.threads.ThreadPoolExecutor$Worker.run(ThreadPoolExecutor.java:659)
	at org.apache.tomcat.util.threads.TaskThread$WrappingRunnable.run(TaskThread.java:61)
	at java.lang.Thread.run(Thread.java:745)
2026-03-24 10:25:05.168 [http-nio-8080-exec-4] ERROR o.a.c.c.C.[.[localhost].[/].[dispatcherServlet] - Servlet.service() for servlet [dispatcherServlet] in context with path [] threw exception [javax.el.PropertyNotFoundException: Property [remark] not found on type [com.example.shop.entity.Product]] with root cause
javax.el.PropertyNotFoundException: Property [remark] not found on type [com.example.shop.entity.Product]
	at javax.el.BeanELResolver$BeanProperties.get(BeanELResolver.java:253)
	at javax.el.BeanELResolver$BeanProperties.access$300(BeanELResolver.java:206)
	at javax.el.BeanELResolver.property(BeanELResolver.java:322)
	at javax.el.BeanELResolver.getValue(BeanELResolver.java:93)
	at org.apache.jasper.el.JasperELResolver.getValue(JasperELResolver.java:125)
	at org.apache.el.parser.AstValue.getValue(AstValue.java:168)
	at org.apache.el.ValueExpressionImpl.getValue(ValueExpressionImpl.java:189)
	at org.apache.jasper.runtime.PageContextImpl.proprietaryEvaluate(PageContextImpl.java:690)
	at org.apache.jsp.detail_jsp._jspService(detail_jsp.java:337)
	at org.apache.jasper.runtime.HttpJspBase.service(HttpJspBase.java:70)
	at javax.servlet.http.HttpServlet.service(HttpServlet.java:623)
	at org.apache.jasper.servlet.JspServletWrapper.service(JspServletWrapper.java:466)
	at org.apache.jasper.servlet.JspServlet.serviceJspFile(JspServlet.java:379)
	at org.apache.jasper.servlet.JspServlet.service(JspServlet.java:327)
	at javax.servlet.http.HttpServlet.service(HttpServlet.java:623)
	at org.apache.catalina.core.ApplicationFilterChain.internalDoFilter(ApplicationFilterChain.java:209)
	at org.apache.catalina.core.ApplicationFilterChain.doFilter(ApplicationFilterChain.java:153)
	at org.apache.tomcat.websocket.server.WsFilter.doFilter(WsFilter.java:51)
	at org.apache.catalina.core.ApplicationFilterChain.internalDoFilter(ApplicationFilterChain.java:178)
	at org.apache.catalina.core.ApplicationFilterChain.doFilter(ApplicationFilterChain.java:153)
	at org.springframework.web.filter.OncePerRequestFilter.doFilter(OncePerRequestFilter.java:111)
	at org.apache.catalina.core.ApplicationFilterChain.internalDoFilter(ApplicationFilterChain.java:178)
	at org.apache.catalina.core.ApplicationFilterChain.doFilter(ApplicationFilterChain.java:153)
	at org.springframework.web.filter.OncePerRequestFilter.doFilter(OncePerRequestFilter.java:111)
	at org.apache.catalina.core.ApplicationFilterChain.internalDoFilter(ApplicationFilterChain.java:178)
	at org.apache.catalina.core.ApplicationFilterChain.doFilter(ApplicationFilterChain.java:153)
	at org.springframework.web.filter.OncePerRequestFilter.doFilter(OncePerRequestFilter.java:111)
	at org.apache.catalina.core.ApplicationFilterChain.internalDoFilter(ApplicationFilterChain.java:178)
	at org.apache.catalina.core.ApplicationFilterChain.doFilter(ApplicationFilterChain.java:153)
	at org.apache.catalina.core.ApplicationDispatcher.invoke(ApplicationDispatcher.java:661)
	at org.apache.catalina.core.ApplicationDispatcher.processRequest(ApplicationDispatcher.java:425)
	at org.apache.catalina.core.ApplicationDispatcher.doForward(ApplicationDispatcher.java:357)
	at org.apache.catalina.core.ApplicationDispatcher.forward(ApplicationDispatcher.java:294)
	at org.springframework.web.servlet.view.InternalResourceView.renderMergedOutputModel(InternalResourceView.java:171)
	at org.springframework.web.servlet.view.AbstractView.render(AbstractView.java:316)
	at org.springframework.web.servlet.DispatcherServlet.render(DispatcherServlet.java:1406)
	at org.springframework.web.servlet.DispatcherServlet.processDispatchResult(DispatcherServlet.java:1150)
	at org.springframework.web.servlet.DispatcherServlet.doDispatch(DispatcherServlet.java:1089)
	at org.springframework.web.servlet.DispatcherServlet.doService(DispatcherServlet.java:965)
	at org.springframework.web.servlet.FrameworkServlet.processRequest(FrameworkServlet.java:1006)
	at org.springframework.web.servlet.FrameworkServlet.doGet(FrameworkServlet.java:898)
	at javax.servlet.http.HttpServlet.service(HttpServlet.java:529)
	at org.springframework.web.servlet.FrameworkServlet.service(FrameworkServlet.java:883)
	at javax.servlet.http.HttpServlet.service(HttpServlet.java:623)
	at org.apache.catalina.core.ApplicationFilterChain.internalDoFilter(ApplicationFilterChain.java:209)
	at org.apache.catalina.core.ApplicationFilterChain.doFilter(ApplicationFilterChain.java:153)
	at org.apache.tomcat.websocket.server.WsFilter.doFilter(WsFilter.java:51)
	at org.apache.catalina.core.ApplicationFilterChain.internalDoFilter(ApplicationFilterChain.java:178)
	at org.apache.catalina.core.ApplicationFilterChain.doFilter(ApplicationFilterChain.java:153)
	at org.springframework.web.filter.RequestContextFilter.doFilterInternal(RequestContextFilter.java:100)
	at org.springframework.web.filter.OncePerRequestFilter.doFilter(OncePerRequestFilter.java:117)
	at org.apache.catalina.core.ApplicationFilterChain.internalDoFilter(ApplicationFilterChain.java:178)
	at org.apache.catalina.core.ApplicationFilterChain.doFilter(ApplicationFilterChain.java:153)
	at org.springframework.web.filter.FormContentFilter.doFilterInternal(FormContentFilter.java:93)
	at org.springframework.web.filter.OncePerRequestFilter.doFilter(OncePerRequestFilter.java:117)
	at org.apache.catalina.core.ApplicationFilterChain.internalDoFilter(ApplicationFilterChain.java:178)
	at org.apache.catalina.core.ApplicationFilterChain.doFilter(ApplicationFilterChain.java:153)
	at org.springframework.web.filter.CharacterEncodingFilter.doFilterInternal(CharacterEncodingFilter.java:201)
	at org.springframework.web.filter.OncePerRequestFilter.doFilter(OncePerRequestFilter.java:117)
	at org.apache.catalina.core.ApplicationFilterChain.internalDoFilter(ApplicationFilterChain.java:178)
	at org.apache.catalina.core.ApplicationFilterChain.doFilter(ApplicationFilterChain.java:153)
	at org.apache.catalina.core.StandardWrapperValve.invoke(StandardWrapperValve.java:168)
	at org.apache.catalina.core.StandardContextValve.invoke(StandardContextValve.java:90)
	at org.apache.catalina.authenticator.AuthenticatorBase.invoke(AuthenticatorBase.java:481)
	at org.apache.catalina.core.StandardHostValve.invoke(StandardHostValve.java:130)
	at org.apache.catalina.valves.ErrorReportValve.invoke(ErrorReportValve.java:93)
	at org.apache.catalina.core.StandardEngineValve.invoke(StandardEngineValve.java:74)
	at org.apache.catalina.connector.CoyoteAdapter.service(CoyoteAdapter.java:342)
	at org.apache.coyote.http11.Http11Processor.service(Http11Processor.java:390)
	at org.apache.coyote.AbstractProcessorLight.process(AbstractProcessorLight.java:63)
	at org.apache.coyote.AbstractProtocol$ConnectionHandler.process(AbstractProtocol.java:928)
	at org.apache.tomcat.util.net.NioEndpoint$SocketProcessor.doRun(NioEndpoint.java:1794)
	at org.apache.tomcat.util.net.SocketProcessorBase.run(SocketProcessorBase.java:52)
	at org.apache.tomcat.util.threads.ThreadPoolExecutor.runWorker(ThreadPoolExecutor.java:1191)
	at org.apache.tomcat.util.threads.ThreadPoolExecutor$Worker.run(ThreadPoolExecutor.java:659)
	at org.apache.tomcat.util.threads.TaskThread$WrappingRunnable.run(TaskThread.java:61)
	at java.lang.Thread.run(Thread.java:745)
2026-03-24 10:25:59.780 [main] INFO  com.example.shop.ShopApplication - Starting ShopApplication using Java 1.8.0_121 on MSI with PID 15152 (D:\Aijava\javaproject\260319\dogfood-2-435\glm\shop-boot\target\classes started by 20807 in D:\Aijava\javaproject\260319\dogfood-2-435\glm\shop-boot)
2026-03-24 10:25:59.783 [main] DEBUG com.example.shop.ShopApplication - Running with Spring Boot v2.7.18, Spring v5.3.31
2026-03-24 10:25:59.783 [main] INFO  com.example.shop.ShopApplication - No active profile set, falling back to 1 default profile: "default"
2026-03-24 10:26:00.574 [main] INFO  o.s.boot.web.embedded.tomcat.TomcatWebServer - Tomcat initialized with port(s): 8080 (http)
2026-03-24 10:26:00.579 [main] INFO  org.apache.catalina.core.StandardService - Starting service [Tomcat]
2026-03-24 10:26:00.579 [main] INFO  org.apache.catalina.core.StandardEngine - Starting Servlet engine: [Apache Tomcat/9.0.83]
2026-03-24 10:26:00.804 [main] INFO  org.apache.jasper.servlet.TldScanner - At least one JAR was scanned for TLDs yet contained no TLDs. Enable debug logging for this logger for a complete list of JARs that were scanned but no TLDs were found in them. Skipping unneeded JARs during scanning can improve startup time and JSP compilation time.
2026-03-24 10:26:00.808 [main] INFO  o.a.c.core.ContainerBase.[Tomcat].[localhost].[/] - Initializing Spring embedded WebApplicationContext
2026-03-24 10:26:00.808 [main] INFO  o.s.b.w.s.c.ServletWebServerApplicationContext - Root WebApplicationContext: initialization completed in 985 ms
2026-03-24 10:26:00.911 [main] INFO  c.a.d.s.b.a.DruidDataSourceAutoConfigure - Init DruidDataSource
2026-03-24 10:26:01.171 [main] INFO  com.alibaba.druid.pool.DruidDataSource - {dataSource-1} inited
2026-03-24 10:26:01.412 [main] INFO  o.s.b.a.web.servlet.WelcomePageHandlerMapping - Adding welcome page template: index
2026-03-24 10:26:01.545 [main] INFO  o.s.boot.web.embedded.tomcat.TomcatWebServer - Tomcat started on port(s): 8080 (http) with context path ''
2026-03-24 10:26:01.552 [main] INFO  com.example.shop.ShopApplication - Started ShopApplication in 2.077 seconds (JVM running for 2.831)
2026-03-24 10:26:06.893 [http-nio-8080-exec-1] INFO  o.a.c.core.ContainerBase.[Tomcat].[localhost].[/] - Initializing Spring DispatcherServlet 'dispatcherServlet'
2026-03-24 10:26:06.893 [http-nio-8080-exec-1] INFO  org.springframework.web.servlet.DispatcherServlet - Initializing Servlet 'dispatcherServlet'
2026-03-24 10:26:06.896 [http-nio-8080-exec-1] INFO  org.springframework.web.servlet.DispatcherServlet - Completed initialization in 3 ms
2026-03-24 10:26:06.925 [http-nio-8080-exec-1] DEBUG com.example.shop.controller.ProductController - 查询前台商品列表, pageNum=1, pageSize=10
2026-03-24 10:26:06.936 [http-nio-8080-exec-1] DEBUG com.example.shop.service.impl.ProductServiceImpl - 分页查询商品, pageNum=1, pageSize=10
2026-03-24 10:26:06.987 [http-nio-8080-exec-1] DEBUG c.e.shop.mapper.ProductMapper.selectAll_COUNT - ==>  Preparing: SELECT count(0) FROM zk_product
2026-03-24 10:26:07.000 [http-nio-8080-exec-1] DEBUG c.e.shop.mapper.ProductMapper.selectAll_COUNT - ==> Parameters: 
2026-03-24 10:26:07.008 [http-nio-8080-exec-1] DEBUG c.e.shop.mapper.ProductMapper.selectAll_COUNT - <==      Total: 1
2026-03-24 10:26:07.010 [http-nio-8080-exec-1] DEBUG com.example.shop.mapper.ProductMapper.selectAll - ==>  Preparing: SELECT pid, pname, sprice, cprice, pic, pdesc, is_hot, pdate, number FROM zk_product ORDER BY pdate DESC LIMIT ?
2026-03-24 10:26:07.014 [http-nio-8080-exec-1] DEBUG com.example.shop.mapper.ProductMapper.selectAll - ==> Parameters: 10(Integer)
2026-03-24 10:26:07.015 [http-nio-8080-exec-1] DEBUG com.example.shop.mapper.ProductMapper.selectAll - <==      Total: 2
2026-03-24 10:26:07.019 [http-nio-8080-exec-1] DEBUG com.example.shop.service.impl.ProductServiceImpl - 查询最新商品, limit=10
2026-03-24 10:26:07.020 [http-nio-8080-exec-1] DEBUG c.e.shop.mapper.ProductMapper.selectNewProducts - ==>  Preparing: SELECT pid, pname, sprice, cprice, pic, pdesc, is_hot, pdate, number FROM zk_product ORDER BY pdate DESC LIMIT ?
2026-03-24 10:26:07.021 [http-nio-8080-exec-1] DEBUG c.e.shop.mapper.ProductMapper.selectNewProducts - ==> Parameters: 10(Integer)
2026-03-24 10:26:07.022 [http-nio-8080-exec-1] DEBUG c.e.shop.mapper.ProductMapper.selectNewProducts - <==      Total: 2
2026-03-24 10:26:07.023 [http-nio-8080-exec-1] DEBUG com.example.shop.service.impl.ProductServiceImpl - 查询热门商品, limit=5
2026-03-24 10:26:07.024 [http-nio-8080-exec-1] DEBUG c.e.shop.mapper.ProductMapper.selectHotProducts - ==>  Preparing: SELECT pid, pname, sprice, cprice, pic, pdesc, is_hot, pdate, number FROM zk_product WHERE is_hot = 1 ORDER BY pdate DESC LIMIT ?
2026-03-24 10:26:07.054 [http-nio-8080-exec-1] DEBUG c.e.shop.mapper.ProductMapper.selectHotProducts - ==> Parameters: 5(Integer)
2026-03-24 10:26:07.055 [http-nio-8080-exec-1] DEBUG c.e.shop.mapper.ProductMapper.selectHotProducts - <==      Total: 2
2026-03-24 10:26:10.078 [http-nio-8080-exec-7] DEBUG com.example.shop.controller.ProductController - 查询商品详情, productId=21
2026-03-24 10:26:10.079 [http-nio-8080-exec-7] DEBUG com.example.shop.service.impl.ProductServiceImpl - 查询商品, productId=21
2026-03-24 10:26:10.081 [http-nio-8080-exec-7] DEBUG c.e.shop.mapper.ProductMapper.selectByPrimaryKey - ==>  Preparing: SELECT pid, pname, sprice, cprice, pic, pdesc, is_hot, pdate, number FROM zk_product WHERE pid = ?
2026-03-24 10:26:10.082 [http-nio-8080-exec-7] DEBUG c.e.shop.mapper.ProductMapper.selectByPrimaryKey - ==> Parameters: 21(Integer)
2026-03-24 10:26:10.084 [http-nio-8080-exec-7] DEBUG c.e.shop.mapper.ProductMapper.selectByPrimaryKey - <==      Total: 1
2026-03-24 10:26:10.187 [http-nio-8080-exec-7] ERROR o.a.c.c.C.[Tomcat].[localhost].[/].[jsp] - Servlet.service() for servlet [jsp] threw exception
javax.el.PropertyNotFoundException: Property [remark] not found on type [com.example.shop.entity.Product]
	at javax.el.BeanELResolver$BeanProperties.get(BeanELResolver.java:253)
	at javax.el.BeanELResolver$BeanProperties.access$300(BeanELResolver.java:206)
	at javax.el.BeanELResolver.property(BeanELResolver.java:322)
	at javax.el.BeanELResolver.getValue(BeanELResolver.java:93)
	at org.apache.jasper.el.JasperELResolver.getValue(JasperELResolver.java:125)
	at org.apache.el.parser.AstValue.getValue(AstValue.java:168)
	at org.apache.el.ValueExpressionImpl.getValue(ValueExpressionImpl.java:189)
	at org.apache.jasper.runtime.PageContextImpl.proprietaryEvaluate(PageContextImpl.java:690)
	at org.apache.jsp.detail_jsp._jspService(detail_jsp.java:337)
	at org.apache.jasper.runtime.HttpJspBase.service(HttpJspBase.java:70)
	at javax.servlet.http.HttpServlet.service(HttpServlet.java:623)
	at org.apache.jasper.servlet.JspServletWrapper.service(JspServletWrapper.java:466)
	at org.apache.jasper.servlet.JspServlet.serviceJspFile(JspServlet.java:379)
	at org.apache.jasper.servlet.JspServlet.service(JspServlet.java:327)
	at javax.servlet.http.HttpServlet.service(HttpServlet.java:623)
	at org.apache.catalina.core.ApplicationFilterChain.internalDoFilter(ApplicationFilterChain.java:209)
	at org.apache.catalina.core.ApplicationFilterChain.doFilter(ApplicationFilterChain.java:153)
	at org.apache.tomcat.websocket.server.WsFilter.doFilter(WsFilter.java:51)
	at org.apache.catalina.core.ApplicationFilterChain.internalDoFilter(ApplicationFilterChain.java:178)
	at org.apache.catalina.core.ApplicationFilterChain.doFilter(ApplicationFilterChain.java:153)
	at org.springframework.web.filter.OncePerRequestFilter.doFilter(OncePerRequestFilter.java:111)
	at org.apache.catalina.core.ApplicationFilterChain.internalDoFilter(ApplicationFilterChain.java:178)
	at org.apache.catalina.core.ApplicationFilterChain.doFilter(ApplicationFilterChain.java:153)
	at org.springframework.web.filter.OncePerRequestFilter.doFilter(OncePerRequestFilter.java:111)
	at org.apache.catalina.core.ApplicationFilterChain.internalDoFilter(ApplicationFilterChain.java:178)
	at org.apache.catalina.core.ApplicationFilterChain.doFilter(ApplicationFilterChain.java:153)
	at org.springframework.web.filter.OncePerRequestFilter.doFilter(OncePerRequestFilter.java:111)
	at org.apache.catalina.core.ApplicationFilterChain.internalDoFilter(ApplicationFilterChain.java:178)
	at org.apache.catalina.core.ApplicationFilterChain.doFilter(ApplicationFilterChain.java:153)
	at org.apache.catalina.core.ApplicationDispatcher.invoke(ApplicationDispatcher.java:661)
	at org.apache.catalina.core.ApplicationDispatcher.processRequest(ApplicationDispatcher.java:425)
	at org.apache.catalina.core.ApplicationDispatcher.doForward(ApplicationDispatcher.java:357)
	at org.apache.catalina.core.ApplicationDispatcher.forward(ApplicationDispatcher.java:294)
	at org.springframework.web.servlet.view.InternalResourceView.renderMergedOutputModel(InternalResourceView.java:171)
	at org.springframework.web.servlet.view.AbstractView.render(AbstractView.java:316)
	at org.springframework.web.servlet.DispatcherServlet.render(DispatcherServlet.java:1406)
	at org.springframework.web.servlet.DispatcherServlet.processDispatchResult(DispatcherServlet.java:1150)
	at org.springframework.web.servlet.DispatcherServlet.doDispatch(DispatcherServlet.java:1089)
	at org.springframework.web.servlet.DispatcherServlet.doService(DispatcherServlet.java:965)
	at org.springframework.web.servlet.FrameworkServlet.processRequest(FrameworkServlet.java:1006)
	at org.springframework.web.servlet.FrameworkServlet.doGet(FrameworkServlet.java:898)
	at javax.servlet.http.HttpServlet.service(HttpServlet.java:529)
	at org.springframework.web.servlet.FrameworkServlet.service(FrameworkServlet.java:883)
	at javax.servlet.http.HttpServlet.service(HttpServlet.java:623)
	at org.apache.catalina.core.ApplicationFilterChain.internalDoFilter(ApplicationFilterChain.java:209)
	at org.apache.catalina.core.ApplicationFilterChain.doFilter(ApplicationFilterChain.java:153)
	at org.apache.tomcat.websocket.server.WsFilter.doFilter(WsFilter.java:51)
	at org.apache.catalina.core.ApplicationFilterChain.internalDoFilter(ApplicationFilterChain.java:178)
	at org.apache.catalina.core.ApplicationFilterChain.doFilter(ApplicationFilterChain.java:153)
	at org.springframework.web.filter.RequestContextFilter.doFilterInternal(RequestContextFilter.java:100)
	at org.springframework.web.filter.OncePerRequestFilter.doFilter(OncePerRequestFilter.java:117)
	at org.apache.catalina.core.ApplicationFilterChain.internalDoFilter(ApplicationFilterChain.java:178)
	at org.apache.catalina.core.ApplicationFilterChain.doFilter(ApplicationFilterChain.java:153)
	at org.springframework.web.filter.FormContentFilter.doFilterInternal(FormContentFilter.java:93)
	at org.springframework.web.filter.OncePerRequestFilter.doFilter(OncePerRequestFilter.java:117)
	at org.apache.catalina.core.ApplicationFilterChain.internalDoFilter(ApplicationFilterChain.java:178)
	at org.apache.catalina.core.ApplicationFilterChain.doFilter(ApplicationFilterChain.java:153)
	at org.springframework.web.filter.CharacterEncodingFilter.doFilterInternal(CharacterEncodingFilter.java:201)
	at org.springframework.web.filter.OncePerRequestFilter.doFilter(OncePerRequestFilter.java:117)
	at org.apache.catalina.core.ApplicationFilterChain.internalDoFilter(ApplicationFilterChain.java:178)
	at org.apache.catalina.core.ApplicationFilterChain.doFilter(ApplicationFilterChain.java:153)
	at org.apache.catalina.core.StandardWrapperValve.invoke(StandardWrapperValve.java:168)
	at org.apache.catalina.core.StandardContextValve.invoke(StandardContextValve.java:90)
	at org.apache.catalina.authenticator.AuthenticatorBase.invoke(AuthenticatorBase.java:481)
	at org.apache.catalina.core.StandardHostValve.invoke(StandardHostValve.java:130)
	at org.apache.catalina.valves.ErrorReportValve.invoke(ErrorReportValve.java:93)
	at org.apache.catalina.core.StandardEngineValve.invoke(StandardEngineValve.java:74)
	at org.apache.catalina.connector.CoyoteAdapter.service(CoyoteAdapter.java:342)
	at org.apache.coyote.http11.Http11Processor.service(Http11Processor.java:390)
	at org.apache.coyote.AbstractProcessorLight.process(AbstractProcessorLight.java:63)
	at org.apache.coyote.AbstractProtocol$ConnectionHandler.process(AbstractProtocol.java:928)
	at org.apache.tomcat.util.net.NioEndpoint$SocketProcessor.doRun(NioEndpoint.java:1794)
	at org.apache.tomcat.util.net.SocketProcessorBase.run(SocketProcessorBase.java:52)
	at org.apache.tomcat.util.threads.ThreadPoolExecutor.runWorker(ThreadPoolExecutor.java:1191)
	at org.apache.tomcat.util.threads.ThreadPoolExecutor$Worker.run(ThreadPoolExecutor.java:659)
	at org.apache.tomcat.util.threads.TaskThread$WrappingRunnable.run(TaskThread.java:61)
	at java.lang.Thread.run(Thread.java:745)
2026-03-24 10:26:10.189 [http-nio-8080-exec-7] ERROR o.a.c.c.C.[.[localhost].[/].[dispatcherServlet] - Servlet.service() for servlet [dispatcherServlet] in context with path [] threw exception [javax.el.PropertyNotFoundException: Property [remark] not found on type [com.example.shop.entity.Product]] with root cause
javax.el.PropertyNotFoundException: Property [remark] not found on type [com.example.shop.entity.Product]
	at javax.el.BeanELResolver$BeanProperties.get(BeanELResolver.java:253)
	at javax.el.BeanELResolver$BeanProperties.access$300(BeanELResolver.java:206)
	at javax.el.BeanELResolver.property(BeanELResolver.java:322)
	at javax.el.BeanELResolver.getValue(BeanELResolver.java:93)
	at org.apache.jasper.el.JasperELResolver.getValue(JasperELResolver.java:125)
	at org.apache.el.parser.AstValue.getValue(AstValue.java:168)
	at org.apache.el.ValueExpressionImpl.getValue(ValueExpressionImpl.java:189)
	at org.apache.jasper.runtime.PageContextImpl.proprietaryEvaluate(PageContextImpl.java:690)
	at org.apache.jsp.detail_jsp._jspService(detail_jsp.java:337)
	at org.apache.jasper.runtime.HttpJspBase.service(HttpJspBase.java:70)
	at javax.servlet.http.HttpServlet.service(HttpServlet.java:623)
	at org.apache.jasper.servlet.JspServletWrapper.service(JspServletWrapper.java:466)
	at org.apache.jasper.servlet.JspServlet.serviceJspFile(JspServlet.java:379)
	at org.apache.jasper.servlet.JspServlet.service(JspServlet.java:327)
	at javax.servlet.http.HttpServlet.service(HttpServlet.java:623)
	at org.apache.catalina.core.ApplicationFilterChain.internalDoFilter(ApplicationFilterChain.java:209)
	at org.apache.catalina.core.ApplicationFilterChain.doFilter(ApplicationFilterChain.java:153)
	at org.apache.tomcat.websocket.server.WsFilter.doFilter(WsFilter.java:51)
	at org.apache.catalina.core.ApplicationFilterChain.internalDoFilter(ApplicationFilterChain.java:178)
	at org.apache.catalina.core.ApplicationFilterChain.doFilter(ApplicationFilterChain.java:153)
	at org.springframework.web.filter.OncePerRequestFilter.doFilter(OncePerRequestFilter.java:111)
	at org.apache.catalina.core.ApplicationFilterChain.internalDoFilter(ApplicationFilterChain.java:178)
	at org.apache.catalina.core.ApplicationFilterChain.doFilter(ApplicationFilterChain.java:153)
	at org.springframework.web.filter.OncePerRequestFilter.doFilter(OncePerRequestFilter.java:111)
	at org.apache.catalina.core.ApplicationFilterChain.internalDoFilter(ApplicationFilterChain.java:178)
	at org.apache.catalina.core.ApplicationFilterChain.doFilter(ApplicationFilterChain.java:153)
	at org.springframework.web.filter.OncePerRequestFilter.doFilter(OncePerRequestFilter.java:111)
	at org.apache.catalina.core.ApplicationFilterChain.internalDoFilter(ApplicationFilterChain.java:178)
	at org.apache.catalina.core.ApplicationFilterChain.doFilter(ApplicationFilterChain.java:153)
	at org.apache.catalina.core.ApplicationDispatcher.invoke(ApplicationDispatcher.java:661)
	at org.apache.catalina.core.ApplicationDispatcher.processRequest(ApplicationDispatcher.java:425)
	at org.apache.catalina.core.ApplicationDispatcher.doForward(ApplicationDispatcher.java:357)
	at org.apache.catalina.core.ApplicationDispatcher.forward(ApplicationDispatcher.java:294)
	at org.springframework.web.servlet.view.InternalResourceView.renderMergedOutputModel(InternalResourceView.java:171)
	at org.springframework.web.servlet.view.AbstractView.render(AbstractView.java:316)
	at org.springframework.web.servlet.DispatcherServlet.render(DispatcherServlet.java:1406)
	at org.springframework.web.servlet.DispatcherServlet.processDispatchResult(DispatcherServlet.java:1150)
	at org.springframework.web.servlet.DispatcherServlet.doDispatch(DispatcherServlet.java:1089)
	at org.springframework.web.servlet.DispatcherServlet.doService(DispatcherServlet.java:965)
	at org.springframework.web.servlet.FrameworkServlet.processRequest(FrameworkServlet.java:1006)
	at org.springframework.web.servlet.FrameworkServlet.doGet(FrameworkServlet.java:898)
	at javax.servlet.http.HttpServlet.service(HttpServlet.java:529)
	at org.springframework.web.servlet.FrameworkServlet.service(FrameworkServlet.java:883)
	at javax.servlet.http.HttpServlet.service(HttpServlet.java:623)
	at org.apache.catalina.core.ApplicationFilterChain.internalDoFilter(ApplicationFilterChain.java:209)
	at org.apache.catalina.core.ApplicationFilterChain.doFilter(ApplicationFilterChain.java:153)
	at org.apache.tomcat.websocket.server.WsFilter.doFilter(WsFilter.java:51)
	at org.apache.catalina.core.ApplicationFilterChain.internalDoFilter(ApplicationFilterChain.java:178)
	at org.apache.catalina.core.ApplicationFilterChain.doFilter(ApplicationFilterChain.java:153)
	at org.springframework.web.filter.RequestContextFilter.doFilterInternal(RequestContextFilter.java:100)
	at org.springframework.web.filter.OncePerRequestFilter.doFilter(OncePerRequestFilter.java:117)
	at org.apache.catalina.core.ApplicationFilterChain.internalDoFilter(ApplicationFilterChain.java:178)
	at org.apache.catalina.core.ApplicationFilterChain.doFilter(ApplicationFilterChain.java:153)
	at org.springframework.web.filter.FormContentFilter.doFilterInternal(FormContentFilter.java:93)
	at org.springframework.web.filter.OncePerRequestFilter.doFilter(OncePerRequestFilter.java:117)
	at org.apache.catalina.core.ApplicationFilterChain.internalDoFilter(ApplicationFilterChain.java:178)
	at org.apache.catalina.core.ApplicationFilterChain.doFilter(ApplicationFilterChain.java:153)
	at org.springframework.web.filter.CharacterEncodingFilter.doFilterInternal(CharacterEncodingFilter.java:201)
	at org.springframework.web.filter.OncePerRequestFilter.doFilter(OncePerRequestFilter.java:117)
	at org.apache.catalina.core.ApplicationFilterChain.internalDoFilter(ApplicationFilterChain.java:178)
	at org.apache.catalina.core.ApplicationFilterChain.doFilter(ApplicationFilterChain.java:153)
	at org.apache.catalina.core.StandardWrapperValve.invoke(StandardWrapperValve.java:168)
	at org.apache.catalina.core.StandardContextValve.invoke(StandardContextValve.java:90)
	at org.apache.catalina.authenticator.AuthenticatorBase.invoke(AuthenticatorBase.java:481)
	at org.apache.catalina.core.StandardHostValve.invoke(StandardHostValve.java:130)
	at org.apache.catalina.valves.ErrorReportValve.invoke(ErrorReportValve.java:93)
	at org.apache.catalina.core.StandardEngineValve.invoke(StandardEngineValve.java:74)
	at org.apache.catalina.connector.CoyoteAdapter.service(CoyoteAdapter.java:342)
	at org.apache.coyote.http11.Http11Processor.service(Http11Processor.java:390)
	at org.apache.coyote.AbstractProcessorLight.process(AbstractProcessorLight.java:63)
	at org.apache.coyote.AbstractProtocol$ConnectionHandler.process(AbstractProtocol.java:928)
	at org.apache.tomcat.util.net.NioEndpoint$SocketProcessor.doRun(NioEndpoint.java:1794)
	at org.apache.tomcat.util.net.SocketProcessorBase.run(SocketProcessorBase.java:52)
	at org.apache.tomcat.util.threads.ThreadPoolExecutor.runWorker(ThreadPoolExecutor.java:1191)
	at org.apache.tomcat.util.threads.ThreadPoolExecutor$Worker.run(ThreadPoolExecutor.java:659)
	at org.apache.tomcat.util.threads.TaskThread$WrappingRunnable.run(TaskThread.java:61)
	at java.lang.Thread.run(Thread.java:745)
2026-03-24 10:29:36.499 [main] INFO  com.example.shop.ShopApplication - Starting ShopApplication using Java 1.8.0_121 on MSI with PID 5332 (D:\Aijava\javaproject\260319\dogfood-2-435\glm\shop-boot\target\classes started by 20807 in D:\Aijava\javaproject\260319\dogfood-2-435\glm\shop-boot)
2026-03-24 10:29:36.500 [main] DEBUG com.example.shop.ShopApplication - Running with Spring Boot v2.7.18, Spring v5.3.31
2026-03-24 10:29:36.501 [main] INFO  com.example.shop.ShopApplication - No active profile set, falling back to 1 default profile: "default"
2026-03-24 10:29:37.224 [main] INFO  o.s.boot.web.embedded.tomcat.TomcatWebServer - Tomcat initialized with port(s): 8080 (http)
2026-03-24 10:29:37.229 [main] INFO  org.apache.catalina.core.StandardService - Starting service [Tomcat]
2026-03-24 10:29:37.229 [main] INFO  org.apache.catalina.core.StandardEngine - Starting Servlet engine: [Apache Tomcat/9.0.83]
2026-03-24 10:29:37.440 [main] INFO  org.apache.jasper.servlet.TldScanner - At least one JAR was scanned for TLDs yet contained no TLDs. Enable debug logging for this logger for a complete list of JARs that were scanned but no TLDs were found in them. Skipping unneeded JARs during scanning can improve startup time and JSP compilation time.
2026-03-24 10:29:37.444 [main] INFO  o.a.c.core.ContainerBase.[Tomcat].[localhost].[/] - Initializing Spring embedded WebApplicationContext
2026-03-24 10:29:37.445 [main] INFO  o.s.b.w.s.c.ServletWebServerApplicationContext - Root WebApplicationContext: initialization completed in 904 ms
2026-03-24 10:29:37.518 [main] INFO  c.a.d.s.b.a.DruidDataSourceAutoConfigure - Init DruidDataSource
2026-03-24 10:29:37.803 [main] INFO  com.alibaba.druid.pool.DruidDataSource - {dataSource-1} inited
2026-03-24 10:29:38.038 [main] INFO  o.s.b.a.web.servlet.WelcomePageHandlerMapping - Adding welcome page template: index
2026-03-24 10:29:38.163 [main] INFO  o.s.boot.web.embedded.tomcat.TomcatWebServer - Tomcat started on port(s): 8080 (http) with context path ''
2026-03-24 10:29:38.170 [main] INFO  com.example.shop.ShopApplication - Started ShopApplication in 1.993 seconds (JVM running for 2.721)
2026-03-24 10:29:43.861 [http-nio-8080-exec-2] INFO  o.a.c.core.ContainerBase.[Tomcat].[localhost].[/] - Initializing Spring DispatcherServlet 'dispatcherServlet'
2026-03-24 10:29:43.861 [http-nio-8080-exec-2] INFO  org.springframework.web.servlet.DispatcherServlet - Initializing Servlet 'dispatcherServlet'
2026-03-24 10:29:43.863 [http-nio-8080-exec-2] INFO  org.springframework.web.servlet.DispatcherServlet - Completed initialization in 2 ms
2026-03-24 10:29:43.884 [http-nio-8080-exec-2] DEBUG com.example.shop.controller.ProductController - 查询商品详情, productId=21
2026-03-24 10:29:43.896 [http-nio-8080-exec-2] DEBUG com.example.shop.service.impl.ProductServiceImpl - 查询商品, productId=21
2026-03-24 10:29:43.912 [http-nio-8080-exec-2] DEBUG c.e.shop.mapper.ProductMapper.selectByPrimaryKey - ==>  Preparing: SELECT pid, pname, sprice, cprice, pic, pdesc, is_hot, pdate, number FROM zk_product WHERE pid = ?
2026-03-24 10:29:43.958 [http-nio-8080-exec-2] DEBUG c.e.shop.mapper.ProductMapper.selectByPrimaryKey - ==> Parameters: 21(Integer)
2026-03-24 10:29:43.980 [http-nio-8080-exec-2] DEBUG c.e.shop.mapper.ProductMapper.selectByPrimaryKey - <==      Total: 1
2026-03-24 10:29:44.428 [http-nio-8080-exec-2] ERROR o.a.c.c.C.[Tomcat].[localhost].[/].[jsp] - Servlet.service() for servlet [jsp] threw exception
javax.el.PropertyNotFoundException: Property [remark] not found on type [com.example.shop.entity.Product]
	at javax.el.BeanELResolver$BeanProperties.get(BeanELResolver.java:253)
	at javax.el.BeanELResolver$BeanProperties.access$300(BeanELResolver.java:206)
	at javax.el.BeanELResolver.property(BeanELResolver.java:322)
	at javax.el.BeanELResolver.getValue(BeanELResolver.java:93)
	at org.apache.jasper.el.JasperELResolver.getValue(JasperELResolver.java:125)
	at org.apache.el.parser.AstValue.getValue(AstValue.java:168)
	at org.apache.el.ValueExpressionImpl.getValue(ValueExpressionImpl.java:189)
	at org.apache.jasper.runtime.PageContextImpl.proprietaryEvaluate(PageContextImpl.java:690)
	at org.apache.jsp.detail_jsp._jspService(detail_jsp.java:337)
	at org.apache.jasper.runtime.HttpJspBase.service(HttpJspBase.java:70)
	at javax.servlet.http.HttpServlet.service(HttpServlet.java:623)
	at org.apache.jasper.servlet.JspServletWrapper.service(JspServletWrapper.java:466)
	at org.apache.jasper.servlet.JspServlet.serviceJspFile(JspServlet.java:379)
	at org.apache.jasper.servlet.JspServlet.service(JspServlet.java:327)
	at javax.servlet.http.HttpServlet.service(HttpServlet.java:623)
	at org.apache.catalina.core.ApplicationFilterChain.internalDoFilter(ApplicationFilterChain.java:209)
	at org.apache.catalina.core.ApplicationFilterChain.doFilter(ApplicationFilterChain.java:153)
	at org.apache.tomcat.websocket.server.WsFilter.doFilter(WsFilter.java:51)
	at org.apache.catalina.core.ApplicationFilterChain.internalDoFilter(ApplicationFilterChain.java:178)
	at org.apache.catalina.core.ApplicationFilterChain.doFilter(ApplicationFilterChain.java:153)
	at org.springframework.web.filter.OncePerRequestFilter.doFilter(OncePerRequestFilter.java:111)
	at org.apache.catalina.core.ApplicationFilterChain.internalDoFilter(ApplicationFilterChain.java:178)
	at org.apache.catalina.core.ApplicationFilterChain.doFilter(ApplicationFilterChain.java:153)
	at org.springframework.web.filter.OncePerRequestFilter.doFilter(OncePerRequestFilter.java:111)
	at org.apache.catalina.core.ApplicationFilterChain.internalDoFilter(ApplicationFilterChain.java:178)
	at org.apache.catalina.core.ApplicationFilterChain.doFilter(ApplicationFilterChain.java:153)
	at org.springframework.web.filter.OncePerRequestFilter.doFilter(OncePerRequestFilter.java:111)
	at org.apache.catalina.core.ApplicationFilterChain.internalDoFilter(ApplicationFilterChain.java:178)
	at org.apache.catalina.core.ApplicationFilterChain.doFilter(ApplicationFilterChain.java:153)
	at org.apache.catalina.core.ApplicationDispatcher.invoke(ApplicationDispatcher.java:661)
	at org.apache.catalina.core.ApplicationDispatcher.processRequest(ApplicationDispatcher.java:425)
	at org.apache.catalina.core.ApplicationDispatcher.doForward(ApplicationDispatcher.java:357)
	at org.apache.catalina.core.ApplicationDispatcher.forward(ApplicationDispatcher.java:294)
	at org.springframework.web.servlet.view.InternalResourceView.renderMergedOutputModel(InternalResourceView.java:171)
	at org.springframework.web.servlet.view.AbstractView.render(AbstractView.java:316)
	at org.springframework.web.servlet.DispatcherServlet.render(DispatcherServlet.java:1406)
	at org.springframework.web.servlet.DispatcherServlet.processDispatchResult(DispatcherServlet.java:1150)
	at org.springframework.web.servlet.DispatcherServlet.doDispatch(DispatcherServlet.java:1089)
	at org.springframework.web.servlet.DispatcherServlet.doService(DispatcherServlet.java:965)
	at org.springframework.web.servlet.FrameworkServlet.processRequest(FrameworkServlet.java:1006)
	at org.springframework.web.servlet.FrameworkServlet.doGet(FrameworkServlet.java:898)
	at javax.servlet.http.HttpServlet.service(HttpServlet.java:529)
	at org.springframework.web.servlet.FrameworkServlet.service(FrameworkServlet.java:883)
	at javax.servlet.http.HttpServlet.service(HttpServlet.java:623)
	at org.apache.catalina.core.ApplicationFilterChain.internalDoFilter(ApplicationFilterChain.java:209)
	at org.apache.catalina.core.ApplicationFilterChain.doFilter(ApplicationFilterChain.java:153)
	at org.apache.tomcat.websocket.server.WsFilter.doFilter(WsFilter.java:51)
	at org.apache.catalina.core.ApplicationFilterChain.internalDoFilter(ApplicationFilterChain.java:178)
	at org.apache.catalina.core.ApplicationFilterChain.doFilter(ApplicationFilterChain.java:153)
	at org.springframework.web.filter.RequestContextFilter.doFilterInternal(RequestContextFilter.java:100)
	at org.springframework.web.filter.OncePerRequestFilter.doFilter(OncePerRequestFilter.java:117)
	at org.apache.catalina.core.ApplicationFilterChain.internalDoFilter(ApplicationFilterChain.java:178)
	at org.apache.catalina.core.ApplicationFilterChain.doFilter(ApplicationFilterChain.java:153)
	at org.springframework.web.filter.FormContentFilter.doFilterInternal(FormContentFilter.java:93)
	at org.springframework.web.filter.OncePerRequestFilter.doFilter(OncePerRequestFilter.java:117)
	at org.apache.catalina.core.ApplicationFilterChain.internalDoFilter(ApplicationFilterChain.java:178)
	at org.apache.catalina.core.ApplicationFilterChain.doFilter(ApplicationFilterChain.java:153)
	at org.springframework.web.filter.CharacterEncodingFilter.doFilterInternal(CharacterEncodingFilter.java:201)
	at org.springframework.web.filter.OncePerRequestFilter.doFilter(OncePerRequestFilter.java:117)
	at org.apache.catalina.core.ApplicationFilterChain.internalDoFilter(ApplicationFilterChain.java:178)
	at org.apache.catalina.core.ApplicationFilterChain.doFilter(ApplicationFilterChain.java:153)
	at org.apache.catalina.core.StandardWrapperValve.invoke(StandardWrapperValve.java:168)
	at org.apache.catalina.core.StandardContextValve.invoke(StandardContextValve.java:90)
	at org.apache.catalina.authenticator.AuthenticatorBase.invoke(AuthenticatorBase.java:481)
	at org.apache.catalina.core.StandardHostValve.invoke(StandardHostValve.java:130)
	at org.apache.catalina.valves.ErrorReportValve.invoke(ErrorReportValve.java:93)
	at org.apache.catalina.core.StandardEngineValve.invoke(StandardEngineValve.java:74)
	at org.apache.catalina.connector.CoyoteAdapter.service(CoyoteAdapter.java:342)
	at org.apache.coyote.http11.Http11Processor.service(Http11Processor.java:390)
	at org.apache.coyote.AbstractProcessorLight.process(AbstractProcessorLight.java:63)
	at org.apache.coyote.AbstractProtocol$ConnectionHandler.process(AbstractProtocol.java:928)
	at org.apache.tomcat.util.net.NioEndpoint$SocketProcessor.doRun(NioEndpoint.java:1794)
	at org.apache.tomcat.util.net.SocketProcessorBase.run(SocketProcessorBase.java:52)
	at org.apache.tomcat.util.threads.ThreadPoolExecutor.runWorker(ThreadPoolExecutor.java:1191)
	at org.apache.tomcat.util.threads.ThreadPoolExecutor$Worker.run(ThreadPoolExecutor.java:659)
	at org.apache.tomcat.util.threads.TaskThread$WrappingRunnable.run(TaskThread.java:61)
	at java.lang.Thread.run(Thread.java:745)
2026-03-24 10:29:44.430 [http-nio-8080-exec-2] ERROR o.a.c.c.C.[.[localhost].[/].[dispatcherServlet] - Servlet.service() for servlet [dispatcherServlet] in context with path [] threw exception [javax.el.PropertyNotFoundException: Property [remark] not found on type [com.example.shop.entity.Product]] with root cause
javax.el.PropertyNotFoundException: Property [remark] not found on type [com.example.shop.entity.Product]
	at javax.el.BeanELResolver$BeanProperties.get(BeanELResolver.java:253)
	at javax.el.BeanELResolver$BeanProperties.access$300(BeanELResolver.java:206)
	at javax.el.BeanELResolver.property(BeanELResolver.java:322)
	at javax.el.BeanELResolver.getValue(BeanELResolver.java:93)
	at org.apache.jasper.el.JasperELResolver.getValue(JasperELResolver.java:125)
	at org.apache.el.parser.AstValue.getValue(AstValue.java:168)
	at org.apache.el.ValueExpressionImpl.getValue(ValueExpressionImpl.java:189)
	at org.apache.jasper.runtime.PageContextImpl.proprietaryEvaluate(PageContextImpl.java:690)
	at org.apache.jsp.detail_jsp._jspService(detail_jsp.java:337)
	at org.apache.jasper.runtime.HttpJspBase.service(HttpJspBase.java:70)
	at javax.servlet.http.HttpServlet.service(HttpServlet.java:623)
	at org.apache.jasper.servlet.JspServletWrapper.service(JspServletWrapper.java:466)
	at org.apache.jasper.servlet.JspServlet.serviceJspFile(JspServlet.java:379)
	at org.apache.jasper.servlet.JspServlet.service(JspServlet.java:327)
	at javax.servlet.http.HttpServlet.service(HttpServlet.java:623)
	at org.apache.catalina.core.ApplicationFilterChain.internalDoFilter(ApplicationFilterChain.java:209)
	at org.apache.catalina.core.ApplicationFilterChain.doFilter(ApplicationFilterChain.java:153)
	at org.apache.tomcat.websocket.server.WsFilter.doFilter(WsFilter.java:51)
	at org.apache.catalina.core.ApplicationFilterChain.internalDoFilter(ApplicationFilterChain.java:178)
	at org.apache.catalina.core.ApplicationFilterChain.doFilter(ApplicationFilterChain.java:153)
	at org.springframework.web.filter.OncePerRequestFilter.doFilter(OncePerRequestFilter.java:111)
	at org.apache.catalina.core.ApplicationFilterChain.internalDoFilter(ApplicationFilterChain.java:178)
	at org.apache.catalina.core.ApplicationFilterChain.doFilter(ApplicationFilterChain.java:153)
	at org.springframework.web.filter.OncePerRequestFilter.doFilter(OncePerRequestFilter.java:111)
	at org.apache.catalina.core.ApplicationFilterChain.internalDoFilter(ApplicationFilterChain.java:178)
	at org.apache.catalina.core.ApplicationFilterChain.doFilter(ApplicationFilterChain.java:153)
	at org.springframework.web.filter.OncePerRequestFilter.doFilter(OncePerRequestFilter.java:111)
	at org.apache.catalina.core.ApplicationFilterChain.internalDoFilter(ApplicationFilterChain.java:178)
	at org.apache.catalina.core.ApplicationFilterChain.doFilter(ApplicationFilterChain.java:153)
	at org.apache.catalina.core.ApplicationDispatcher.invoke(ApplicationDispatcher.java:661)
	at org.apache.catalina.core.ApplicationDispatcher.processRequest(ApplicationDispatcher.java:425)
	at org.apache.catalina.core.ApplicationDispatcher.doForward(ApplicationDispatcher.java:357)
	at org.apache.catalina.core.ApplicationDispatcher.forward(ApplicationDispatcher.java:294)
	at org.springframework.web.servlet.view.InternalResourceView.renderMergedOutputModel(InternalResourceView.java:171)
	at org.springframework.web.servlet.view.AbstractView.render(AbstractView.java:316)
	at org.springframework.web.servlet.DispatcherServlet.render(DispatcherServlet.java:1406)
	at org.springframework.web.servlet.DispatcherServlet.processDispatchResult(DispatcherServlet.java:1150)
	at org.springframework.web.servlet.DispatcherServlet.doDispatch(DispatcherServlet.java:1089)
	at org.springframework.web.servlet.DispatcherServlet.doService(DispatcherServlet.java:965)
	at org.springframework.web.servlet.FrameworkServlet.processRequest(FrameworkServlet.java:1006)
	at org.springframework.web.servlet.FrameworkServlet.doGet(FrameworkServlet.java:898)
	at javax.servlet.http.HttpServlet.service(HttpServlet.java:529)
	at org.springframework.web.servlet.FrameworkServlet.service(FrameworkServlet.java:883)
	at javax.servlet.http.HttpServlet.service(HttpServlet.java:623)
	at org.apache.catalina.core.ApplicationFilterChain.internalDoFilter(ApplicationFilterChain.java:209)
	at org.apache.catalina.core.ApplicationFilterChain.doFilter(ApplicationFilterChain.java:153)
	at org.apache.tomcat.websocket.server.WsFilter.doFilter(WsFilter.java:51)
	at org.apache.catalina.core.ApplicationFilterChain.internalDoFilter(ApplicationFilterChain.java:178)
	at org.apache.catalina.core.ApplicationFilterChain.doFilter(ApplicationFilterChain.java:153)
	at org.springframework.web.filter.RequestContextFilter.doFilterInternal(RequestContextFilter.java:100)
	at org.springframework.web.filter.OncePerRequestFilter.doFilter(OncePerRequestFilter.java:117)
	at org.apache.catalina.core.ApplicationFilterChain.internalDoFilter(ApplicationFilterChain.java:178)
	at org.apache.catalina.core.ApplicationFilterChain.doFilter(ApplicationFilterChain.java:153)
	at org.springframework.web.filter.FormContentFilter.doFilterInternal(FormContentFilter.java:93)
	at org.springframework.web.filter.OncePerRequestFilter.doFilter(OncePerRequestFilter.java:117)
	at org.apache.catalina.core.ApplicationFilterChain.internalDoFilter(ApplicationFilterChain.java:178)
	at org.apache.catalina.core.ApplicationFilterChain.doFilter(ApplicationFilterChain.java:153)
	at org.springframework.web.filter.CharacterEncodingFilter.doFilterInternal(CharacterEncodingFilter.java:201)
	at org.springframework.web.filter.OncePerRequestFilter.doFilter(OncePerRequestFilter.java:117)
	at org.apache.catalina.core.ApplicationFilterChain.internalDoFilter(ApplicationFilterChain.java:178)
	at org.apache.catalina.core.ApplicationFilterChain.doFilter(ApplicationFilterChain.java:153)
	at org.apache.catalina.core.StandardWrapperValve.invoke(StandardWrapperValve.java:168)
	at org.apache.catalina.core.StandardContextValve.invoke(StandardContextValve.java:90)
	at org.apache.catalina.authenticator.AuthenticatorBase.invoke(AuthenticatorBase.java:481)
	at org.apache.catalina.core.StandardHostValve.invoke(StandardHostValve.java:130)
	at org.apache.catalina.valves.ErrorReportValve.invoke(ErrorReportValve.java:93)
	at org.apache.catalina.core.StandardEngineValve.invoke(StandardEngineValve.java:74)
	at org.apache.catalina.connector.CoyoteAdapter.service(CoyoteAdapter.java:342)
	at org.apache.coyote.http11.Http11Processor.service(Http11Processor.java:390)
	at org.apache.coyote.AbstractProcessorLight.process(AbstractProcessorLight.java:63)
	at org.apache.coyote.AbstractProtocol$ConnectionHandler.process(AbstractProtocol.java:928)
	at org.apache.tomcat.util.net.NioEndpoint$SocketProcessor.doRun(NioEndpoint.java:1794)
	at org.apache.tomcat.util.net.SocketProcessorBase.run(SocketProcessorBase.java:52)
	at org.apache.tomcat.util.threads.ThreadPoolExecutor.runWorker(ThreadPoolExecutor.java:1191)
	at org.apache.tomcat.util.threads.ThreadPoolExecutor$Worker.run(ThreadPoolExecutor.java:659)
	at org.apache.tomcat.util.threads.TaskThread$WrappingRunnable.run(TaskThread.java:61)
	at java.lang.Thread.run(Thread.java:745)
2026-03-24 10:31:20.285 [main] INFO  com.example.shop.ShopApplication - Starting ShopApplication using Java 1.8.0_121 on MSI with PID 1216 (D:\Aijava\javaproject\260319\dogfood-2-435\glm\shop-boot\target\classes started by 20807 in D:\Aijava\javaproject\260319\dogfood-2-435\glm\shop-boot)
2026-03-24 10:31:20.288 [main] DEBUG com.example.shop.ShopApplication - Running with Spring Boot v2.7.18, Spring v5.3.31
2026-03-24 10:31:20.289 [main] INFO  com.example.shop.ShopApplication - No active profile set, falling back to 1 default profile: "default"
2026-03-24 10:31:21.091 [main] INFO  o.s.boot.web.embedded.tomcat.TomcatWebServer - Tomcat initialized with port(s): 8080 (http)
2026-03-24 10:31:21.096 [main] INFO  org.apache.catalina.core.StandardService - Starting service [Tomcat]
2026-03-24 10:31:21.096 [main] INFO  org.apache.catalina.core.StandardEngine - Starting Servlet engine: [Apache Tomcat/9.0.83]
2026-03-24 10:31:21.314 [main] INFO  org.apache.jasper.servlet.TldScanner - At least one JAR was scanned for TLDs yet contained no TLDs. Enable debug logging for this logger for a complete list of JARs that were scanned but no TLDs were found in them. Skipping unneeded JARs during scanning can improve startup time and JSP compilation time.
2026-03-24 10:31:21.318 [main] INFO  o.a.c.core.ContainerBase.[Tomcat].[localhost].[/] - Initializing Spring embedded WebApplicationContext
2026-03-24 10:31:21.319 [main] INFO  o.s.b.w.s.c.ServletWebServerApplicationContext - Root WebApplicationContext: initialization completed in 993 ms
2026-03-24 10:31:21.420 [main] INFO  c.a.d.s.b.a.DruidDataSourceAutoConfigure - Init DruidDataSource
2026-03-24 10:31:21.676 [main] INFO  com.alibaba.druid.pool.DruidDataSource - {dataSource-1} inited
2026-03-24 10:31:21.915 [main] INFO  o.s.b.a.web.servlet.WelcomePageHandlerMapping - Adding welcome page template: index
2026-03-24 10:31:22.041 [main] INFO  o.s.boot.web.embedded.tomcat.TomcatWebServer - Tomcat started on port(s): 8080 (http) with context path ''
2026-03-24 10:31:22.047 [main] INFO  com.example.shop.ShopApplication - Started ShopApplication in 2.075 seconds (JVM running for 2.803)
2026-03-24 10:31:27.382 [http-nio-8080-exec-1] INFO  o.a.c.core.ContainerBase.[Tomcat].[localhost].[/] - Initializing Spring DispatcherServlet 'dispatcherServlet'
2026-03-24 10:31:27.383 [http-nio-8080-exec-1] INFO  org.springframework.web.servlet.DispatcherServlet - Initializing Servlet 'dispatcherServlet'
2026-03-24 10:31:27.383 [http-nio-8080-exec-1] INFO  org.springframework.web.servlet.DispatcherServlet - Completed initialization in 0 ms
2026-03-24 10:31:27.405 [http-nio-8080-exec-1] DEBUG com.example.shop.controller.ProductController - 查询商品详情, productId=21
2026-03-24 10:31:27.416 [http-nio-8080-exec-1] DEBUG com.example.shop.service.impl.ProductServiceImpl - 查询商品, productId=21
2026-03-24 10:31:27.441 [http-nio-8080-exec-1] DEBUG c.e.shop.mapper.ProductMapper.selectByPrimaryKey - ==>  Preparing: SELECT pid, pname, sprice, cprice, pic, pdesc, is_hot, pdate, number FROM zk_product WHERE pid = ?
2026-03-24 10:31:27.488 [http-nio-8080-exec-1] DEBUG c.e.shop.mapper.ProductMapper.selectByPrimaryKey - ==> Parameters: 21(Integer)
2026-03-24 10:31:27.501 [http-nio-8080-exec-1] DEBUG c.e.shop.mapper.ProductMapper.selectByPrimaryKey - <==      Total: 1
2026-03-24 10:31:27.942 [http-nio-8080-exec-1] ERROR o.a.c.c.C.[Tomcat].[localhost].[/].[jsp] - Servlet.service() for servlet [jsp] threw exception
javax.el.PropertyNotFoundException: Property [remark] not found on type [com.example.shop.entity.Product]
	at javax.el.BeanELResolver$BeanProperties.get(BeanELResolver.java:253)
	at javax.el.BeanELResolver$BeanProperties.access$300(BeanELResolver.java:206)
	at javax.el.BeanELResolver.property(BeanELResolver.java:322)
	at javax.el.BeanELResolver.getValue(BeanELResolver.java:93)
	at org.apache.jasper.el.JasperELResolver.getValue(JasperELResolver.java:125)
	at org.apache.el.parser.AstValue.getValue(AstValue.java:168)
	at org.apache.el.ValueExpressionImpl.getValue(ValueExpressionImpl.java:189)
	at org.apache.jasper.runtime.PageContextImpl.proprietaryEvaluate(PageContextImpl.java:690)
	at org.apache.jsp.detail_jsp._jspService(detail_jsp.java:337)
	at org.apache.jasper.runtime.HttpJspBase.service(HttpJspBase.java:70)
	at javax.servlet.http.HttpServlet.service(HttpServlet.java:623)
	at org.apache.jasper.servlet.JspServletWrapper.service(JspServletWrapper.java:466)
	at org.apache.jasper.servlet.JspServlet.serviceJspFile(JspServlet.java:379)
	at org.apache.jasper.servlet.JspServlet.service(JspServlet.java:327)
	at javax.servlet.http.HttpServlet.service(HttpServlet.java:623)
	at org.apache.catalina.core.ApplicationFilterChain.internalDoFilter(ApplicationFilterChain.java:209)
	at org.apache.catalina.core.ApplicationFilterChain.doFilter(ApplicationFilterChain.java:153)
	at org.apache.tomcat.websocket.server.WsFilter.doFilter(WsFilter.java:51)
	at org.apache.catalina.core.ApplicationFilterChain.internalDoFilter(ApplicationFilterChain.java:178)
	at org.apache.catalina.core.ApplicationFilterChain.doFilter(ApplicationFilterChain.java:153)
	at org.springframework.web.filter.OncePerRequestFilter.doFilter(OncePerRequestFilter.java:111)
	at org.apache.catalina.core.ApplicationFilterChain.internalDoFilter(ApplicationFilterChain.java:178)
	at org.apache.catalina.core.ApplicationFilterChain.doFilter(ApplicationFilterChain.java:153)
	at org.springframework.web.filter.OncePerRequestFilter.doFilter(OncePerRequestFilter.java:111)
	at org.apache.catalina.core.ApplicationFilterChain.internalDoFilter(ApplicationFilterChain.java:178)
	at org.apache.catalina.core.ApplicationFilterChain.doFilter(ApplicationFilterChain.java:153)
	at org.springframework.web.filter.OncePerRequestFilter.doFilter(OncePerRequestFilter.java:111)
	at org.apache.catalina.core.ApplicationFilterChain.internalDoFilter(ApplicationFilterChain.java:178)
	at org.apache.catalina.core.ApplicationFilterChain.doFilter(ApplicationFilterChain.java:153)
	at org.apache.catalina.core.ApplicationDispatcher.invoke(ApplicationDispatcher.java:661)
	at org.apache.catalina.core.ApplicationDispatcher.processRequest(ApplicationDispatcher.java:425)
	at org.apache.catalina.core.ApplicationDispatcher.doForward(ApplicationDispatcher.java:357)
	at org.apache.catalina.core.ApplicationDispatcher.forward(ApplicationDispatcher.java:294)
	at org.springframework.web.servlet.view.InternalResourceView.renderMergedOutputModel(InternalResourceView.java:171)
	at org.springframework.web.servlet.view.AbstractView.render(AbstractView.java:316)
	at org.springframework.web.servlet.DispatcherServlet.render(DispatcherServlet.java:1406)
	at org.springframework.web.servlet.DispatcherServlet.processDispatchResult(DispatcherServlet.java:1150)
	at org.springframework.web.servlet.DispatcherServlet.doDispatch(DispatcherServlet.java:1089)
	at org.springframework.web.servlet.DispatcherServlet.doService(DispatcherServlet.java:965)
	at org.springframework.web.servlet.FrameworkServlet.processRequest(FrameworkServlet.java:1006)
	at org.springframework.web.servlet.FrameworkServlet.doGet(FrameworkServlet.java:898)
	at javax.servlet.http.HttpServlet.service(HttpServlet.java:529)
	at org.springframework.web.servlet.FrameworkServlet.service(FrameworkServlet.java:883)
	at javax.servlet.http.HttpServlet.service(HttpServlet.java:623)
	at org.apache.catalina.core.ApplicationFilterChain.internalDoFilter(ApplicationFilterChain.java:209)
	at org.apache.catalina.core.ApplicationFilterChain.doFilter(ApplicationFilterChain.java:153)
	at org.apache.tomcat.websocket.server.WsFilter.doFilter(WsFilter.java:51)
	at org.apache.catalina.core.ApplicationFilterChain.internalDoFilter(ApplicationFilterChain.java:178)
	at org.apache.catalina.core.ApplicationFilterChain.doFilter(ApplicationFilterChain.java:153)
	at org.springframework.web.filter.RequestContextFilter.doFilterInternal(RequestContextFilter.java:100)
	at org.springframework.web.filter.OncePerRequestFilter.doFilter(OncePerRequestFilter.java:117)
	at org.apache.catalina.core.ApplicationFilterChain.internalDoFilter(ApplicationFilterChain.java:178)
	at org.apache.catalina.core.ApplicationFilterChain.doFilter(ApplicationFilterChain.java:153)
	at org.springframework.web.filter.FormContentFilter.doFilterInternal(FormContentFilter.java:93)
	at org.springframework.web.filter.OncePerRequestFilter.doFilter(OncePerRequestFilter.java:117)
	at org.apache.catalina.core.ApplicationFilterChain.internalDoFilter(ApplicationFilterChain.java:178)
	at org.apache.catalina.core.ApplicationFilterChain.doFilter(ApplicationFilterChain.java:153)
	at org.springframework.web.filter.CharacterEncodingFilter.doFilterInternal(CharacterEncodingFilter.java:201)
	at org.springframework.web.filter.OncePerRequestFilter.doFilter(OncePerRequestFilter.java:117)
	at org.apache.catalina.core.ApplicationFilterChain.internalDoFilter(ApplicationFilterChain.java:178)
	at org.apache.catalina.core.ApplicationFilterChain.doFilter(ApplicationFilterChain.java:153)
	at org.apache.catalina.core.StandardWrapperValve.invoke(StandardWrapperValve.java:168)
	at org.apache.catalina.core.StandardContextValve.invoke(StandardContextValve.java:90)
	at org.apache.catalina.authenticator.AuthenticatorBase.invoke(AuthenticatorBase.java:481)
	at org.apache.catalina.core.StandardHostValve.invoke(StandardHostValve.java:130)
	at org.apache.catalina.valves.ErrorReportValve.invoke(ErrorReportValve.java:93)
	at org.apache.catalina.core.StandardEngineValve.invoke(StandardEngineValve.java:74)
	at org.apache.catalina.connector.CoyoteAdapter.service(CoyoteAdapter.java:342)
	at org.apache.coyote.http11.Http11Processor.service(Http11Processor.java:390)
	at org.apache.coyote.AbstractProcessorLight.process(AbstractProcessorLight.java:63)
	at org.apache.coyote.AbstractProtocol$ConnectionHandler.process(AbstractProtocol.java:928)
	at org.apache.tomcat.util.net.NioEndpoint$SocketProcessor.doRun(NioEndpoint.java:1794)
	at org.apache.tomcat.util.net.SocketProcessorBase.run(SocketProcessorBase.java:52)
	at org.apache.tomcat.util.threads.ThreadPoolExecutor.runWorker(ThreadPoolExecutor.java:1191)
	at org.apache.tomcat.util.threads.ThreadPoolExecutor$Worker.run(ThreadPoolExecutor.java:659)
	at org.apache.tomcat.util.threads.TaskThread$WrappingRunnable.run(TaskThread.java:61)
	at java.lang.Thread.run(Thread.java:745)
2026-03-24 10:31:27.943 [http-nio-8080-exec-1] ERROR o.a.c.c.C.[.[localhost].[/].[dispatcherServlet] - Servlet.service() for servlet [dispatcherServlet] in context with path [] threw exception [javax.el.PropertyNotFoundException: Property [remark] not found on type [com.example.shop.entity.Product]] with root cause
javax.el.PropertyNotFoundException: Property [remark] not found on type [com.example.shop.entity.Product]
	at javax.el.BeanELResolver$BeanProperties.get(BeanELResolver.java:253)
	at javax.el.BeanELResolver$BeanProperties.access$300(BeanELResolver.java:206)
	at javax.el.BeanELResolver.property(BeanELResolver.java:322)
	at javax.el.BeanELResolver.getValue(BeanELResolver.java:93)
	at org.apache.jasper.el.JasperELResolver.getValue(JasperELResolver.java:125)
	at org.apache.el.parser.AstValue.getValue(AstValue.java:168)
	at org.apache.el.ValueExpressionImpl.getValue(ValueExpressionImpl.java:189)
	at org.apache.jasper.runtime.PageContextImpl.proprietaryEvaluate(PageContextImpl.java:690)
	at org.apache.jsp.detail_jsp._jspService(detail_jsp.java:337)
	at org.apache.jasper.runtime.HttpJspBase.service(HttpJspBase.java:70)
	at javax.servlet.http.HttpServlet.service(HttpServlet.java:623)
	at org.apache.jasper.servlet.JspServletWrapper.service(JspServletWrapper.java:466)
	at org.apache.jasper.servlet.JspServlet.serviceJspFile(JspServlet.java:379)
	at org.apache.jasper.servlet.JspServlet.service(JspServlet.java:327)
	at javax.servlet.http.HttpServlet.service(HttpServlet.java:623)
	at org.apache.catalina.core.ApplicationFilterChain.internalDoFilter(ApplicationFilterChain.java:209)
	at org.apache.catalina.core.ApplicationFilterChain.doFilter(ApplicationFilterChain.java:153)
	at org.apache.tomcat.websocket.server.WsFilter.doFilter(WsFilter.java:51)
	at org.apache.catalina.core.ApplicationFilterChain.internalDoFilter(ApplicationFilterChain.java:178)
	at org.apache.catalina.core.ApplicationFilterChain.doFilter(ApplicationFilterChain.java:153)
	at org.springframework.web.filter.OncePerRequestFilter.doFilter(OncePerRequestFilter.java:111)
	at org.apache.catalina.core.ApplicationFilterChain.internalDoFilter(ApplicationFilterChain.java:178)
	at org.apache.catalina.core.ApplicationFilterChain.doFilter(ApplicationFilterChain.java:153)
	at org.springframework.web.filter.OncePerRequestFilter.doFilter(OncePerRequestFilter.java:111)
	at org.apache.catalina.core.ApplicationFilterChain.internalDoFilter(ApplicationFilterChain.java:178)
	at org.apache.catalina.core.ApplicationFilterChain.doFilter(ApplicationFilterChain.java:153)
	at org.springframework.web.filter.OncePerRequestFilter.doFilter(OncePerRequestFilter.java:111)
	at org.apache.catalina.core.ApplicationFilterChain.internalDoFilter(ApplicationFilterChain.java:178)
	at org.apache.catalina.core.ApplicationFilterChain.doFilter(ApplicationFilterChain.java:153)
	at org.apache.catalina.core.ApplicationDispatcher.invoke(ApplicationDispatcher.java:661)
	at org.apache.catalina.core.ApplicationDispatcher.processRequest(ApplicationDispatcher.java:425)
	at org.apache.catalina.core.ApplicationDispatcher.doForward(ApplicationDispatcher.java:357)
	at org.apache.catalina.core.ApplicationDispatcher.forward(ApplicationDispatcher.java:294)
	at org.springframework.web.servlet.view.InternalResourceView.renderMergedOutputModel(InternalResourceView.java:171)
	at org.springframework.web.servlet.view.AbstractView.render(AbstractView.java:316)
	at org.springframework.web.servlet.DispatcherServlet.render(DispatcherServlet.java:1406)
	at org.springframework.web.servlet.DispatcherServlet.processDispatchResult(DispatcherServlet.java:1150)
	at org.springframework.web.servlet.DispatcherServlet.doDispatch(DispatcherServlet.java:1089)
	at org.springframework.web.servlet.DispatcherServlet.doService(DispatcherServlet.java:965)
	at org.springframework.web.servlet.FrameworkServlet.processRequest(FrameworkServlet.java:1006)
	at org.springframework.web.servlet.FrameworkServlet.doGet(FrameworkServlet.java:898)
	at javax.servlet.http.HttpServlet.service(HttpServlet.java:529)
	at org.springframework.web.servlet.FrameworkServlet.service(FrameworkServlet.java:883)
	at javax.servlet.http.HttpServlet.service(HttpServlet.java:623)
	at org.apache.catalina.core.ApplicationFilterChain.internalDoFilter(ApplicationFilterChain.java:209)
	at org.apache.catalina.core.ApplicationFilterChain.doFilter(ApplicationFilterChain.java:153)
	at org.apache.tomcat.websocket.server.WsFilter.doFilter(WsFilter.java:51)
	at org.apache.catalina.core.ApplicationFilterChain.internalDoFilter(ApplicationFilterChain.java:178)
	at org.apache.catalina.core.ApplicationFilterChain.doFilter(ApplicationFilterChain.java:153)
	at org.springframework.web.filter.RequestContextFilter.doFilterInternal(RequestContextFilter.java:100)
	at org.springframework.web.filter.OncePerRequestFilter.doFilter(OncePerRequestFilter.java:117)
	at org.apache.catalina.core.ApplicationFilterChain.internalDoFilter(ApplicationFilterChain.java:178)
	at org.apache.catalina.core.ApplicationFilterChain.doFilter(ApplicationFilterChain.java:153)
	at org.springframework.web.filter.FormContentFilter.doFilterInternal(FormContentFilter.java:93)
	at org.springframework.web.filter.OncePerRequestFilter.doFilter(OncePerRequestFilter.java:117)
	at org.apache.catalina.core.ApplicationFilterChain.internalDoFilter(ApplicationFilterChain.java:178)
	at org.apache.catalina.core.ApplicationFilterChain.doFilter(ApplicationFilterChain.java:153)
	at org.springframework.web.filter.CharacterEncodingFilter.doFilterInternal(CharacterEncodingFilter.java:201)
	at org.springframework.web.filter.OncePerRequestFilter.doFilter(OncePerRequestFilter.java:117)
	at org.apache.catalina.core.ApplicationFilterChain.internalDoFilter(ApplicationFilterChain.java:178)
	at org.apache.catalina.core.ApplicationFilterChain.doFilter(ApplicationFilterChain.java:153)
	at org.apache.catalina.core.StandardWrapperValve.invoke(StandardWrapperValve.java:168)
	at org.apache.catalina.core.StandardContextValve.invoke(StandardContextValve.java:90)
	at org.apache.catalina.authenticator.AuthenticatorBase.invoke(AuthenticatorBase.java:481)
	at org.apache.catalina.core.StandardHostValve.invoke(StandardHostValve.java:130)
	at org.apache.catalina.valves.ErrorReportValve.invoke(ErrorReportValve.java:93)
	at org.apache.catalina.core.StandardEngineValve.invoke(StandardEngineValve.java:74)
	at org.apache.catalina.connector.CoyoteAdapter.service(CoyoteAdapter.java:342)
	at org.apache.coyote.http11.Http11Processor.service(Http11Processor.java:390)
	at org.apache.coyote.AbstractProcessorLight.process(AbstractProcessorLight.java:63)
	at org.apache.coyote.AbstractProtocol$ConnectionHandler.process(AbstractProtocol.java:928)
	at org.apache.tomcat.util.net.NioEndpoint$SocketProcessor.doRun(NioEndpoint.java:1794)
	at org.apache.tomcat.util.net.SocketProcessorBase.run(SocketProcessorBase.java:52)
	at org.apache.tomcat.util.threads.ThreadPoolExecutor.runWorker(ThreadPoolExecutor.java:1191)
	at org.apache.tomcat.util.threads.ThreadPoolExecutor$Worker.run(ThreadPoolExecutor.java:659)
	at org.apache.tomcat.util.threads.TaskThread$WrappingRunnable.run(TaskThread.java:61)
	at java.lang.Thread.run(Thread.java:745)
2026-03-24 10:31:38.197 [http-nio-8080-exec-3] DEBUG com.example.shop.controller.ProductController - 查询前台商品列表, pageNum=1, pageSize=10
2026-03-24 10:31:38.198 [http-nio-8080-exec-3] DEBUG com.example.shop.service.impl.ProductServiceImpl - 分页查询商品, pageNum=1, pageSize=10
2026-03-24 10:31:38.318 [http-nio-8080-exec-3] DEBUG c.e.shop.mapper.ProductMapper.selectAll_COUNT - ==>  Preparing: SELECT count(0) FROM zk_product
2026-03-24 10:31:38.319 [http-nio-8080-exec-3] DEBUG c.e.shop.mapper.ProductMapper.selectAll_COUNT - ==> Parameters: 
2026-03-24 10:31:38.320 [http-nio-8080-exec-3] DEBUG c.e.shop.mapper.ProductMapper.selectAll_COUNT - <==      Total: 1
2026-03-24 10:31:38.322 [http-nio-8080-exec-3] DEBUG com.example.shop.mapper.ProductMapper.selectAll - ==>  Preparing: SELECT pid, pname, sprice, cprice, pic, pdesc, is_hot, pdate, number FROM zk_product ORDER BY pdate DESC LIMIT ?
2026-03-24 10:31:38.323 [http-nio-8080-exec-3] DEBUG com.example.shop.mapper.ProductMapper.selectAll - ==> Parameters: 10(Integer)
2026-03-24 10:31:38.324 [http-nio-8080-exec-3] DEBUG com.example.shop.mapper.ProductMapper.selectAll - <==      Total: 2
2026-03-24 10:31:38.326 [http-nio-8080-exec-3] DEBUG com.example.shop.service.impl.ProductServiceImpl - 查询最新商品, limit=10
2026-03-24 10:31:38.327 [http-nio-8080-exec-3] DEBUG c.e.shop.mapper.ProductMapper.selectNewProducts - ==>  Preparing: SELECT pid, pname, sprice, cprice, pic, pdesc, is_hot, pdate, number FROM zk_product ORDER BY pdate DESC LIMIT ?
2026-03-24 10:31:38.327 [http-nio-8080-exec-3] DEBUG c.e.shop.mapper.ProductMapper.selectNewProducts - ==> Parameters: 10(Integer)
2026-03-24 10:31:38.328 [http-nio-8080-exec-3] DEBUG c.e.shop.mapper.ProductMapper.selectNewProducts - <==      Total: 2
2026-03-24 10:31:38.329 [http-nio-8080-exec-3] DEBUG com.example.shop.service.impl.ProductServiceImpl - 查询热门商品, limit=5
2026-03-24 10:31:38.329 [http-nio-8080-exec-3] DEBUG c.e.shop.mapper.ProductMapper.selectHotProducts - ==>  Preparing: SELECT pid, pname, sprice, cprice, pic, pdesc, is_hot, pdate, number FROM zk_product WHERE is_hot = 1 ORDER BY pdate DESC LIMIT ?
2026-03-24 10:31:38.330 [http-nio-8080-exec-3] DEBUG c.e.shop.mapper.ProductMapper.selectHotProducts - ==> Parameters: 5(Integer)
2026-03-24 10:31:38.331 [http-nio-8080-exec-3] DEBUG c.e.shop.mapper.ProductMapper.selectHotProducts - <==      Total: 2
2026-03-24 10:31:42.268 [http-nio-8080-exec-8] DEBUG com.example.shop.controller.ProductController - 查询商品详情, productId=20
2026-03-24 10:31:42.270 [http-nio-8080-exec-8] DEBUG com.example.shop.service.impl.ProductServiceImpl - 查询商品, productId=20
2026-03-24 10:31:42.270 [http-nio-8080-exec-8] DEBUG c.e.shop.mapper.ProductMapper.selectByPrimaryKey - ==>  Preparing: SELECT pid, pname, sprice, cprice, pic, pdesc, is_hot, pdate, number FROM zk_product WHERE pid = ?
2026-03-24 10:31:42.270 [http-nio-8080-exec-8] DEBUG c.e.shop.mapper.ProductMapper.selectByPrimaryKey - ==> Parameters: 20(Integer)
2026-03-24 10:31:42.273 [http-nio-8080-exec-8] DEBUG c.e.shop.mapper.ProductMapper.selectByPrimaryKey - <==      Total: 1
2026-03-24 10:31:42.280 [http-nio-8080-exec-8] ERROR o.a.c.c.C.[Tomcat].[localhost].[/].[jsp] - Servlet.service() for servlet [jsp] threw exception
javax.el.PropertyNotFoundException: Property [remark] not found on type [com.example.shop.entity.Product]
	at javax.el.BeanELResolver$BeanProperties.get(BeanELResolver.java:253)
	at javax.el.BeanELResolver$BeanProperties.access$300(BeanELResolver.java:206)
	at javax.el.BeanELResolver.property(BeanELResolver.java:322)
	at javax.el.BeanELResolver.getValue(BeanELResolver.java:93)
	at org.apache.jasper.el.JasperELResolver.getValue(JasperELResolver.java:125)
	at org.apache.el.parser.AstValue.getValue(AstValue.java:168)
	at org.apache.el.ValueExpressionImpl.getValue(ValueExpressionImpl.java:189)
	at org.apache.jasper.runtime.PageContextImpl.proprietaryEvaluate(PageContextImpl.java:690)
	at org.apache.jsp.detail_jsp._jspService(detail_jsp.java:337)
	at org.apache.jasper.runtime.HttpJspBase.service(HttpJspBase.java:70)
	at javax.servlet.http.HttpServlet.service(HttpServlet.java:623)
	at org.apache.jasper.servlet.JspServletWrapper.service(JspServletWrapper.java:466)
	at org.apache.jasper.servlet.JspServlet.serviceJspFile(JspServlet.java:379)
	at org.apache.jasper.servlet.JspServlet.service(JspServlet.java:327)
	at javax.servlet.http.HttpServlet.service(HttpServlet.java:623)
	at org.apache.catalina.core.ApplicationFilterChain.internalDoFilter(ApplicationFilterChain.java:209)
	at org.apache.catalina.core.ApplicationFilterChain.doFilter(ApplicationFilterChain.java:153)
	at org.apache.tomcat.websocket.server.WsFilter.doFilter(WsFilter.java:51)
	at org.apache.catalina.core.ApplicationFilterChain.internalDoFilter(ApplicationFilterChain.java:178)
	at org.apache.catalina.core.ApplicationFilterChain.doFilter(ApplicationFilterChain.java:153)
	at org.springframework.web.filter.OncePerRequestFilter.doFilter(OncePerRequestFilter.java:111)
	at org.apache.catalina.core.ApplicationFilterChain.internalDoFilter(ApplicationFilterChain.java:178)
	at org.apache.catalina.core.ApplicationFilterChain.doFilter(ApplicationFilterChain.java:153)
	at org.springframework.web.filter.OncePerRequestFilter.doFilter(OncePerRequestFilter.java:111)
	at org.apache.catalina.core.ApplicationFilterChain.internalDoFilter(ApplicationFilterChain.java:178)
	at org.apache.catalina.core.ApplicationFilterChain.doFilter(ApplicationFilterChain.java:153)
	at org.springframework.web.filter.OncePerRequestFilter.doFilter(OncePerRequestFilter.java:111)
	at org.apache.catalina.core.ApplicationFilterChain.internalDoFilter(ApplicationFilterChain.java:178)
	at org.apache.catalina.core.ApplicationFilterChain.doFilter(ApplicationFilterChain.java:153)
	at org.apache.catalina.core.ApplicationDispatcher.invoke(ApplicationDispatcher.java:661)
	at org.apache.catalina.core.ApplicationDispatcher.processRequest(ApplicationDispatcher.java:425)
	at org.apache.catalina.core.ApplicationDispatcher.doForward(ApplicationDispatcher.java:357)
	at org.apache.catalina.core.ApplicationDispatcher.forward(ApplicationDispatcher.java:294)
	at org.springframework.web.servlet.view.InternalResourceView.renderMergedOutputModel(InternalResourceView.java:171)
	at org.springframework.web.servlet.view.AbstractView.render(AbstractView.java:316)
	at org.springframework.web.servlet.DispatcherServlet.render(DispatcherServlet.java:1406)
	at org.springframework.web.servlet.DispatcherServlet.processDispatchResult(DispatcherServlet.java:1150)
	at org.springframework.web.servlet.DispatcherServlet.doDispatch(DispatcherServlet.java:1089)
	at org.springframework.web.servlet.DispatcherServlet.doService(DispatcherServlet.java:965)
	at org.springframework.web.servlet.FrameworkServlet.processRequest(FrameworkServlet.java:1006)
	at org.springframework.web.servlet.FrameworkServlet.doGet(FrameworkServlet.java:898)
	at javax.servlet.http.HttpServlet.service(HttpServlet.java:529)
	at org.springframework.web.servlet.FrameworkServlet.service(FrameworkServlet.java:883)
	at javax.servlet.http.HttpServlet.service(HttpServlet.java:623)
	at org.apache.catalina.core.ApplicationFilterChain.internalDoFilter(ApplicationFilterChain.java:209)
	at org.apache.catalina.core.ApplicationFilterChain.doFilter(ApplicationFilterChain.java:153)
	at org.apache.tomcat.websocket.server.WsFilter.doFilter(WsFilter.java:51)
	at org.apache.catalina.core.ApplicationFilterChain.internalDoFilter(ApplicationFilterChain.java:178)
	at org.apache.catalina.core.ApplicationFilterChain.doFilter(ApplicationFilterChain.java:153)
	at org.springframework.web.filter.RequestContextFilter.doFilterInternal(RequestContextFilter.java:100)
	at org.springframework.web.filter.OncePerRequestFilter.doFilter(OncePerRequestFilter.java:117)
	at org.apache.catalina.core.ApplicationFilterChain.internalDoFilter(ApplicationFilterChain.java:178)
	at org.apache.catalina.core.ApplicationFilterChain.doFilter(ApplicationFilterChain.java:153)
	at org.springframework.web.filter.FormContentFilter.doFilterInternal(FormContentFilter.java:93)
	at org.springframework.web.filter.OncePerRequestFilter.doFilter(OncePerRequestFilter.java:117)
	at org.apache.catalina.core.ApplicationFilterChain.internalDoFilter(ApplicationFilterChain.java:178)
	at org.apache.catalina.core.ApplicationFilterChain.doFilter(ApplicationFilterChain.java:153)
	at org.springframework.web.filter.CharacterEncodingFilter.doFilterInternal(CharacterEncodingFilter.java:201)
	at org.springframework.web.filter.OncePerRequestFilter.doFilter(OncePerRequestFilter.java:117)
	at org.apache.catalina.core.ApplicationFilterChain.internalDoFilter(ApplicationFilterChain.java:178)
	at org.apache.catalina.core.ApplicationFilterChain.doFilter(ApplicationFilterChain.java:153)
	at org.apache.catalina.core.StandardWrapperValve.invoke(StandardWrapperValve.java:168)
	at org.apache.catalina.core.StandardContextValve.invoke(StandardContextValve.java:90)
	at org.apache.catalina.authenticator.AuthenticatorBase.invoke(AuthenticatorBase.java:481)
	at org.apache.catalina.core.StandardHostValve.invoke(StandardHostValve.java:130)
	at org.apache.catalina.valves.ErrorReportValve.invoke(ErrorReportValve.java:93)
	at org.apache.catalina.core.StandardEngineValve.invoke(StandardEngineValve.java:74)
	at org.apache.catalina.connector.CoyoteAdapter.service(CoyoteAdapter.java:342)
	at org.apache.coyote.http11.Http11Processor.service(Http11Processor.java:390)
	at org.apache.coyote.AbstractProcessorLight.process(AbstractProcessorLight.java:63)
	at org.apache.coyote.AbstractProtocol$ConnectionHandler.process(AbstractProtocol.java:928)
	at org.apache.tomcat.util.net.NioEndpoint$SocketProcessor.doRun(NioEndpoint.java:1794)
	at org.apache.tomcat.util.net.SocketProcessorBase.run(SocketProcessorBase.java:52)
	at org.apache.tomcat.util.threads.ThreadPoolExecutor.runWorker(ThreadPoolExecutor.java:1191)
	at org.apache.tomcat.util.threads.ThreadPoolExecutor$Worker.run(ThreadPoolExecutor.java:659)
	at org.apache.tomcat.util.threads.TaskThread$WrappingRunnable.run(TaskThread.java:61)
	at java.lang.Thread.run(Thread.java:745)
2026-03-24 10:31:42.281 [http-nio-8080-exec-8] ERROR o.a.c.c.C.[.[localhost].[/].[dispatcherServlet] - Servlet.service() for servlet [dispatcherServlet] in context with path [] threw exception [javax.el.PropertyNotFoundException: Property [remark] not found on type [com.example.shop.entity.Product]] with root cause
javax.el.PropertyNotFoundException: Property [remark] not found on type [com.example.shop.entity.Product]
	at javax.el.BeanELResolver$BeanProperties.get(BeanELResolver.java:253)
	at javax.el.BeanELResolver$BeanProperties.access$300(BeanELResolver.java:206)
	at javax.el.BeanELResolver.property(BeanELResolver.java:322)
	at javax.el.BeanELResolver.getValue(BeanELResolver.java:93)
	at org.apache.jasper.el.JasperELResolver.getValue(JasperELResolver.java:125)
	at org.apache.el.parser.AstValue.getValue(AstValue.java:168)
	at org.apache.el.ValueExpressionImpl.getValue(ValueExpressionImpl.java:189)
	at org.apache.jasper.runtime.PageContextImpl.proprietaryEvaluate(PageContextImpl.java:690)
	at org.apache.jsp.detail_jsp._jspService(detail_jsp.java:337)
	at org.apache.jasper.runtime.HttpJspBase.service(HttpJspBase.java:70)
	at javax.servlet.http.HttpServlet.service(HttpServlet.java:623)
	at org.apache.jasper.servlet.JspServletWrapper.service(JspServletWrapper.java:466)
	at org.apache.jasper.servlet.JspServlet.serviceJspFile(JspServlet.java:379)
	at org.apache.jasper.servlet.JspServlet.service(JspServlet.java:327)
	at javax.servlet.http.HttpServlet.service(HttpServlet.java:623)
	at org.apache.catalina.core.ApplicationFilterChain.internalDoFilter(ApplicationFilterChain.java:209)
	at org.apache.catalina.core.ApplicationFilterChain.doFilter(ApplicationFilterChain.java:153)
	at org.apache.tomcat.websocket.server.WsFilter.doFilter(WsFilter.java:51)
	at org.apache.catalina.core.ApplicationFilterChain.internalDoFilter(ApplicationFilterChain.java:178)
	at org.apache.catalina.core.ApplicationFilterChain.doFilter(ApplicationFilterChain.java:153)
	at org.springframework.web.filter.OncePerRequestFilter.doFilter(OncePerRequestFilter.java:111)
	at org.apache.catalina.core.ApplicationFilterChain.internalDoFilter(ApplicationFilterChain.java:178)
	at org.apache.catalina.core.ApplicationFilterChain.doFilter(ApplicationFilterChain.java:153)
	at org.springframework.web.filter.OncePerRequestFilter.doFilter(OncePerRequestFilter.java:111)
	at org.apache.catalina.core.ApplicationFilterChain.internalDoFilter(ApplicationFilterChain.java:178)
	at org.apache.catalina.core.ApplicationFilterChain.doFilter(ApplicationFilterChain.java:153)
	at org.springframework.web.filter.OncePerRequestFilter.doFilter(OncePerRequestFilter.java:111)
	at org.apache.catalina.core.ApplicationFilterChain.internalDoFilter(ApplicationFilterChain.java:178)
	at org.apache.catalina.core.ApplicationFilterChain.doFilter(ApplicationFilterChain.java:153)
	at org.apache.catalina.core.ApplicationDispatcher.invoke(ApplicationDispatcher.java:661)
	at org.apache.catalina.core.ApplicationDispatcher.processRequest(ApplicationDispatcher.java:425)
	at org.apache.catalina.core.ApplicationDispatcher.doForward(ApplicationDispatcher.java:357)
	at org.apache.catalina.core.ApplicationDispatcher.forward(ApplicationDispatcher.java:294)
	at org.springframework.web.servlet.view.InternalResourceView.renderMergedOutputModel(InternalResourceView.java:171)
	at org.springframework.web.servlet.view.AbstractView.render(AbstractView.java:316)
	at org.springframework.web.servlet.DispatcherServlet.render(DispatcherServlet.java:1406)
	at org.springframework.web.servlet.DispatcherServlet.processDispatchResult(DispatcherServlet.java:1150)
	at org.springframework.web.servlet.DispatcherServlet.doDispatch(DispatcherServlet.java:1089)
	at org.springframework.web.servlet.DispatcherServlet.doService(DispatcherServlet.java:965)
	at org.springframework.web.servlet.FrameworkServlet.processRequest(FrameworkServlet.java:1006)
	at org.springframework.web.servlet.FrameworkServlet.doGet(FrameworkServlet.java:898)
	at javax.servlet.http.HttpServlet.service(HttpServlet.java:529)
	at org.springframework.web.servlet.FrameworkServlet.service(FrameworkServlet.java:883)
	at javax.servlet.http.HttpServlet.service(HttpServlet.java:623)
	at org.apache.catalina.core.ApplicationFilterChain.internalDoFilter(ApplicationFilterChain.java:209)
	at org.apache.catalina.core.ApplicationFilterChain.doFilter(ApplicationFilterChain.java:153)
	at org.apache.tomcat.websocket.server.WsFilter.doFilter(WsFilter.java:51)
	at org.apache.catalina.core.ApplicationFilterChain.internalDoFilter(ApplicationFilterChain.java:178)
	at org.apache.catalina.core.ApplicationFilterChain.doFilter(ApplicationFilterChain.java:153)
	at org.springframework.web.filter.RequestContextFilter.doFilterInternal(RequestContextFilter.java:100)
	at org.springframework.web.filter.OncePerRequestFilter.doFilter(OncePerRequestFilter.java:117)
	at org.apache.catalina.core.ApplicationFilterChain.internalDoFilter(ApplicationFilterChain.java:178)
	at org.apache.catalina.core.ApplicationFilterChain.doFilter(ApplicationFilterChain.java:153)
	at org.springframework.web.filter.FormContentFilter.doFilterInternal(FormContentFilter.java:93)
	at org.springframework.web.filter.OncePerRequestFilter.doFilter(OncePerRequestFilter.java:117)
	at org.apache.catalina.core.ApplicationFilterChain.internalDoFilter(ApplicationFilterChain.java:178)
	at org.apache.catalina.core.ApplicationFilterChain.doFilter(ApplicationFilterChain.java:153)
	at org.springframework.web.filter.CharacterEncodingFilter.doFilterInternal(CharacterEncodingFilter.java:201)
	at org.springframework.web.filter.OncePerRequestFilter.doFilter(OncePerRequestFilter.java:117)
	at org.apache.catalina.core.ApplicationFilterChain.internalDoFilter(ApplicationFilterChain.java:178)
	at org.apache.catalina.core.ApplicationFilterChain.doFilter(ApplicationFilterChain.java:153)
	at org.apache.catalina.core.StandardWrapperValve.invoke(StandardWrapperValve.java:168)
	at org.apache.catalina.core.StandardContextValve.invoke(StandardContextValve.java:90)
	at org.apache.catalina.authenticator.AuthenticatorBase.invoke(AuthenticatorBase.java:481)
	at org.apache.catalina.core.StandardHostValve.invoke(StandardHostValve.java:130)
	at org.apache.catalina.valves.ErrorReportValve.invoke(ErrorReportValve.java:93)
	at org.apache.catalina.core.StandardEngineValve.invoke(StandardEngineValve.java:74)
	at org.apache.catalina.connector.CoyoteAdapter.service(CoyoteAdapter.java:342)
	at org.apache.coyote.http11.Http11Processor.service(Http11Processor.java:390)
	at org.apache.coyote.AbstractProcessorLight.process(AbstractProcessorLight.java:63)
	at org.apache.coyote.AbstractProtocol$ConnectionHandler.process(AbstractProtocol.java:928)
	at org.apache.tomcat.util.net.NioEndpoint$SocketProcessor.doRun(NioEndpoint.java:1794)
	at org.apache.tomcat.util.net.SocketProcessorBase.run(SocketProcessorBase.java:52)
	at org.apache.tomcat.util.threads.ThreadPoolExecutor.runWorker(ThreadPoolExecutor.java:1191)
	at org.apache.tomcat.util.threads.ThreadPoolExecutor$Worker.run(ThreadPoolExecutor.java:659)
	at org.apache.tomcat.util.threads.TaskThread$WrappingRunnable.run(TaskThread.java:61)
	at java.lang.Thread.run(Thread.java:745)
2026-03-24 10:32:25.393 [main] INFO  com.example.shop.ShopApplication - Starting ShopApplication using Java 1.8.0_121 on MSI with PID 9868 (D:\Aijava\javaproject\260319\dogfood-2-435\glm\shop-boot\target\classes started by 20807 in D:\Aijava\javaproject\260319\dogfood-2-435\glm\shop-boot)
2026-03-24 10:32:25.396 [main] DEBUG com.example.shop.ShopApplication - Running with Spring Boot v2.7.18, Spring v5.3.31
2026-03-24 10:32:25.396 [main] INFO  com.example.shop.ShopApplication - No active profile set, falling back to 1 default profile: "default"
2026-03-24 10:32:26.134 [main] INFO  o.s.boot.web.embedded.tomcat.TomcatWebServer - Tomcat initialized with port(s): 8080 (http)
2026-03-24 10:32:26.140 [main] INFO  org.apache.catalina.core.StandardService - Starting service [Tomcat]
2026-03-24 10:32:26.140 [main] INFO  org.apache.catalina.core.StandardEngine - Starting Servlet engine: [Apache Tomcat/9.0.83]
2026-03-24 10:32:26.355 [main] INFO  org.apache.jasper.servlet.TldScanner - At least one JAR was scanned for TLDs yet contained no TLDs. Enable debug logging for this logger for a complete list of JARs that were scanned but no TLDs were found in them. Skipping unneeded JARs during scanning can improve startup time and JSP compilation time.
2026-03-24 10:32:26.359 [main] INFO  o.a.c.core.ContainerBase.[Tomcat].[localhost].[/] - Initializing Spring embedded WebApplicationContext
2026-03-24 10:32:26.360 [main] INFO  o.s.b.w.s.c.ServletWebServerApplicationContext - Root WebApplicationContext: initialization completed in 923 ms
2026-03-24 10:32:26.477 [main] INFO  c.a.d.s.b.a.DruidDataSourceAutoConfigure - Init DruidDataSource
2026-03-24 10:32:26.727 [main] INFO  com.alibaba.druid.pool.DruidDataSource - {dataSource-1} inited
2026-03-24 10:32:26.965 [main] INFO  o.s.b.a.web.servlet.WelcomePageHandlerMapping - Adding welcome page template: index
2026-03-24 10:32:27.096 [main] INFO  o.s.boot.web.embedded.tomcat.TomcatWebServer - Tomcat started on port(s): 8080 (http) with context path ''
2026-03-24 10:32:27.102 [main] INFO  com.example.shop.ShopApplication - Started ShopApplication in 2.039 seconds (JVM running for 2.768)
2026-03-24 10:32:31.509 [http-nio-8080-exec-1] INFO  o.a.c.core.ContainerBase.[Tomcat].[localhost].[/] - Initializing Spring DispatcherServlet 'dispatcherServlet'
2026-03-24 10:32:31.510 [http-nio-8080-exec-1] INFO  org.springframework.web.servlet.DispatcherServlet - Initializing Servlet 'dispatcherServlet'
2026-03-24 10:32:31.511 [http-nio-8080-exec-1] INFO  org.springframework.web.servlet.DispatcherServlet - Completed initialization in 1 ms
2026-03-24 10:32:34.395 [http-nio-8080-exec-4] DEBUG com.example.shop.controller.ProductController - 查询前台商品列表, pageNum=1, pageSize=10
2026-03-24 10:32:34.410 [http-nio-8080-exec-4] DEBUG com.example.shop.service.impl.ProductServiceImpl - 分页查询商品, pageNum=1, pageSize=10
2026-03-24 10:32:34.464 [http-nio-8080-exec-4] DEBUG c.e.shop.mapper.ProductMapper.selectAll_COUNT - ==>  Preparing: SELECT count(0) FROM zk_product
2026-03-24 10:32:34.478 [http-nio-8080-exec-4] DEBUG c.e.shop.mapper.ProductMapper.selectAll_COUNT - ==> Parameters: 
2026-03-24 10:32:34.490 [http-nio-8080-exec-4] DEBUG c.e.shop.mapper.ProductMapper.selectAll_COUNT - <==      Total: 1
2026-03-24 10:32:34.492 [http-nio-8080-exec-4] DEBUG com.example.shop.mapper.ProductMapper.selectAll - ==>  Preparing: SELECT pid, pname, sprice, cprice, pic, pdesc, is_hot, pdate, number FROM zk_product ORDER BY pdate DESC LIMIT ?
2026-03-24 10:32:34.495 [http-nio-8080-exec-4] DEBUG com.example.shop.mapper.ProductMapper.selectAll - ==> Parameters: 10(Integer)
2026-03-24 10:32:34.497 [http-nio-8080-exec-4] DEBUG com.example.shop.mapper.ProductMapper.selectAll - <==      Total: 2
2026-03-24 10:32:34.499 [http-nio-8080-exec-4] DEBUG com.example.shop.service.impl.ProductServiceImpl - 查询最新商品, limit=10
2026-03-24 10:32:34.500 [http-nio-8080-exec-4] DEBUG c.e.shop.mapper.ProductMapper.selectNewProducts - ==>  Preparing: SELECT pid, pname, sprice, cprice, pic, pdesc, is_hot, pdate, number FROM zk_product ORDER BY pdate DESC LIMIT ?
2026-03-24 10:32:34.500 [http-nio-8080-exec-4] DEBUG c.e.shop.mapper.ProductMapper.selectNewProducts - ==> Parameters: 10(Integer)
2026-03-24 10:32:34.501 [http-nio-8080-exec-4] DEBUG c.e.shop.mapper.ProductMapper.selectNewProducts - <==      Total: 2
2026-03-24 10:32:34.502 [http-nio-8080-exec-4] DEBUG com.example.shop.service.impl.ProductServiceImpl - 查询热门商品, limit=5
2026-03-24 10:32:34.503 [http-nio-8080-exec-4] DEBUG c.e.shop.mapper.ProductMapper.selectHotProducts - ==>  Preparing: SELECT pid, pname, sprice, cprice, pic, pdesc, is_hot, pdate, number FROM zk_product WHERE is_hot = 1 ORDER BY pdate DESC LIMIT ?
2026-03-24 10:32:34.531 [http-nio-8080-exec-4] DEBUG c.e.shop.mapper.ProductMapper.selectHotProducts - ==> Parameters: 5(Integer)
2026-03-24 10:32:34.534 [http-nio-8080-exec-4] DEBUG c.e.shop.mapper.ProductMapper.selectHotProducts - <==      Total: 2
2026-03-24 10:32:37.799 [http-nio-8080-exec-2] DEBUG com.example.shop.controller.ProductController - 查询商品详情, productId=20
2026-03-24 10:32:37.800 [http-nio-8080-exec-2] DEBUG com.example.shop.service.impl.ProductServiceImpl - 查询商品, productId=20
2026-03-24 10:32:37.802 [http-nio-8080-exec-2] DEBUG c.e.shop.mapper.ProductMapper.selectByPrimaryKey - ==>  Preparing: SELECT pid, pname, sprice, cprice, pic, pdesc, is_hot, pdate, number FROM zk_product WHERE pid = ?
2026-03-24 10:32:37.803 [http-nio-8080-exec-2] DEBUG c.e.shop.mapper.ProductMapper.selectByPrimaryKey - ==> Parameters: 20(Integer)
2026-03-24 10:32:37.805 [http-nio-8080-exec-2] DEBUG c.e.shop.mapper.ProductMapper.selectByPrimaryKey - <==      Total: 1
